Estacao,Periodo,DOY,DataReferencia,RMSE_E,RMSE_N,RMSE_U,RMSE_Planimetrico
BRAZ,VERAO,11,2020-01-08,0.17833124683391466,0.1704638403408118,0.3362713128887275,0.2466981038862609
BRAZ,VERAO,12,2020-01-15,0.10891673740887325,0.13979301779357398,0.5115024969770525,0.17721439984275528
BRAZ,VERAO,13,2020-01-15,0.12685315421789375,0.170596032336102,0.30290385311940893,0.21259051950604263
BRAZ,VERAO,14,2020-01-15,0.18053312830266394,0.12835107592575368,0.3244812221698647,0.22150893685367348
BRAZ,VERAO,15,2020-01-15,0.14686649086136075,0.17386387906559064,0.463795105396004,0.22759265054404654
BRAZ,VERAO,16,2020-01-15,0.17707042950816562,0.1764391801183834,0.7666576594083458,0.2499694407063663
BRAZ,VERAO,17,2020-01-15,0.22364833466129316,0.19984334652957697,0.9454258916470151,0.29992655892553155
BRAZ,VERAO,18,2020-01-15,0.16423693092213293,0.195993281631745,0.5488134497136818,0.25570908455411195
BRAZ,VERAO,19,2020-01-22,0.3175063638843017,0.18830835502137563,0.6942197212462912,0.3691481107602842
BRAZ,VERAO,20,2020-01-22,0.2595410949313232,0.2566801990502393,0.4021621174282773,0.3650291831383083
BRAZ,VERAO,21,2020-01-22,0.07165754246920959,0.20815317170138822,0.323945798582521,0.22014210474617113
BRAZ,VERAO,22,2020-01-22,0.20153959949250988,0.17536235544315532,0.3694713094228605,0.2671519527725239
BRAZ,VERAO,23,2020-01-22,0.1782082965403589,0.3137820002860953,0.4614580085461019,0.3608563989447321
BRAZ,VERAO,24,2020-01-22,0.22583677372333727,0.21155971845185073,0.3379818121965877,0.3094507437980917
BRAZ,VERAO,25,2020-01-22,0.09372485041261795,0.17487260198821533,0.3361171230513275,0.19840558084639753
BRAZ,VERAO,26,2020-01-29,0.24976086903307326,0.09581653757050351,0.325354290349563,0.2675094401552134
BRAZ,VERAO,27,2020-01-29,0.15878374953809768,0.11643112257879494,0.3721730273947759,0.19689714427166208
BRAZ,VERAO,28,2020-01-29,0.20253431665659694,0.14020009725770527,0.6795150942011707,0.24632542843690478
BRAZ,VERAO,29,2020-01-29,0.3246786762836311,0.06765879193647195,0.6758565133971683,0.3316533656690276
BRAZ,VERAO,30,2020-01-29,0.21043877591244875,0.19236548057068556,0.30075244188034334,0.28511218234709057
BRAZ,VERAO,31,2020-01-29,0.24133981865567652,0.1387705004195199,0.4547607620309991,0.2783920973293581
CUIB,VERAO,1,2020-01-01,0.28203274170753856,0.08689182482067014,0.448694336448028,0.29511464995106085
CUIB,VERAO,2,2020-01-01,0.319693465319677,0.07418375296773128,0.3765643253787049,0.3281876612130336
CUIB,VERAO,3,2020-01-01,0.3195494010179706,0.06687837247030019,0.33309002621872047,0.32647287237260614
CUIB,VERAO,4,2020-01-01,0.3693461760510267,0.09453676600933403,0.3127611299163185,0.381252931649082
CUIB,VERAO,5,2020-01-08,0.2862326561116676,0.11082774737028983,0.42675749340889035,0.3069396080858789
CUIB,VERAO,6,2020-01-08,0.30526742480473423,0.06357775708403256,0.3705420515144227,0.3118177862835126
CUIB,VERAO,7,2020-01-08,0.31684862805004194,0.09563326950355577,0.3901878060614373,0.33096642629296036
CUIB,VERAO,8,2020-01-08,0.30852610207240044,0.07949313053059733,0.31527079058293317,0.3186024379403645
CUIB,VERAO,9,2020-01-08,0.33072097310985177,0.04506186970133126,0.396032865749476,0.3337767729421972
CUIB,VERAO,10,2020-01-08,0.2569643033580508,0.09726788830311545,0.24539263718373297,0.2747575209075007
CUIB,VERAO,11,2020-01-08,0.28439406334440576,0.07513423042969933,0.3808212485614433,0.2941515525163942
CUIB,VERAO,12,2020-01-15,0.21085536981632924,0.0773241834627748,0.339994195755203,0.22458632266584228
CUIB,VERAO,13,2020-01-15,0.1946648103821256,0.059319757644339256,0.4187915000116147,0.20350238831053571
CUIB,VERAO,14,2020-01-15,0.16742123448746493,0.08486446081980065,0.1869209994103252,0.1877014823264382
CUIB,VERAO,15,2020-01-15,0.18289646966768291,0.08839440186741182,0.4852611966066668,0.20313711846533403
CUIB,VERAO,16,2020-01-15,0.21258132245241973,0.04866653133045433,0.22290743203926955,0.21808083347088927
CUIB,VERAO,17,2020-01-15,0.20323010521256424,0.09962746812209661,0.35271985879495144,0.2263362721022181
CUIB,VERAO,18,2020-01-15,0.2928361950427297,0.07253615869003477,0.3542380405116176,0.3016861472534155
CUIB,VERAO,19,2020-01-22,0.3060824723680846,0.09937428971944191,0.47728553914080646,0.3218100827323514
CUIB,VERAO,20,2020-01-22,0.24254276830464447,0.12644129364655615,0.4538999011252684,0.27352220238199143
CUIB,VERAO,21,2020-01-22,0.3101631254610067,0.10108046294104668,0.6319475694380263,0.3262183691702791
CUIB,VERAO,22,2020-01-22,0.3808476229632194,0.10262200444624803,0.33309865724815024,0.3944314740399152
CUIB,VERAO,23,2020-01-22,0.36134151252443153,0.17434791336996994,0.3625236067649245,0.40120429156466714
CUIB,VERAO,24,2020-01-22,0.1794904322450289,0.07263122919958913,0.17270747458978933,0.1936287962121093
CUIB,VERAO,25,2020-01-22,0.2990016279790549,0.15799044479713814,0.24548099287228908,0.3381759219420015
CUIB,VERAO,26,2020-01-29,0.21402230822511964,0.05733569171413213,0.24277836021779328,0.2215692441706342
CUIB,VERAO,27,2020-01-29,0.13422303327743834,0.11923496552094517,0.31622372959201694,0.17953495388078974
CUIB,VERAO,28,2020-01-29,0.17160407971652109,0.07089891436066623,0.44943526516105103,0.18567341283251948
CUIB,VERAO,29,2020-01-29,0.20386350585811264,0.08583529992844488,0.3095309054884219,0.22119680769524414
CUIB,VERAO,30,2020-01-29,0.09605885838090414,0.08935947712147535,0.4702086033525576,0.13119611436649362
CUIB,VERAO,31,2020-01-29,0.16533976740662987,0.20546626813839813,0.3600901322976675,0.263730214478354
UFPR,VERAO,1,2020-01-01,0.1450398876134873,0.10747560488975903,0.2861678407528644,0.18052028873606596
UFPR,VERAO,2,2020-01-01,0.15240039190119253,0.1439877372132018,0.21993133102633672,0.20966246187483137
UFPR,VERAO,3,2020-01-01,0.08619063739684638,0.08674336492080019,0.18774753313424858,0.12228343032748862
UFPR,VERAO,4,2020-01-01,0.10270690260670937,0.12017911032965684,0.3323007949245992,0.15808771743146877
UFPR,VERAO,5,2020-01-08,0.4565259523260195,0.1280358249195254,0.42976598267066213,0.4741403986268228
UFPR,VERAO,6,2020-01-08,0.24364131999692273,0.08689623633065562,0.43325852447654944,0.2586736335583433
UFPR,VERAO,7,2020-01-08,0.11625393820371223,0.12620748760959766,0.4161174378614401,0.1715905244371008
UFPR,VERAO,8,2020-01-08,0.4199389745670707,0.16584177430333688,0.3310794547275373,0.45149998501054434
UFPR,VERAO,9,2020-01-08,0.3505931772692107,0.1480843080616159,0.31374906044691053,0.38058446925985795
UFPR,VERAO,10,2020-01-08,0.19124219962572309,0.14282965597447567,0.3898940234295071,0.2386920391288155
UFPR,VERAO,11,2020-01-08,0.20798662663217238,0.10769647555784094,0.6717345560826782,0.23421564359668914
UFPR,VERAO,12,2020-01-15,0.3879426904170056,0.15234961472661196,0.28272801321974733,0.41678523984821214
UFPR,VERAO,13,2020-01-15,0.22507500370536138,0.11382524997349211,0.4423436025752791,0.25222003255985914
UFPR,VERAO,14,2020-01-15,0.27141799916999515,0.12484199951001403,0.27198544560146276,0.2987528328151916
UFPR,VERAO,15,2020-01-15,0.20751537101746684,0.11425746423479849,0.3571509256414271,0.23689110861719392
UFPR,VERAO,16,2020-01-15,0.23020852378922663,0.09609327787788059,0.5611943601361401,0.2494591799844826
UFPR,VERAO,17,2020-01-15,0.1934960473812938,0.10685906834473591,0.5220307821252236,0.22104203410140985
UFPR,VERAO,18,2020-01-15,0.2278218803950972,0.10149828362901493,0.6174869739281035,0.2494087223141844
UFPR,VERAO,19,2020-01-22,0.2145964005195148,0.059134758688210526,0.4956202544993502,0.22259500174317687
UFPR,VERAO,20,2020-01-22,0.23578644561918236,0.07974766517044359,0.7430933364926984,0.24890748891478703
UFPR,VERAO,21,2020-01-22,0.2802129656856631,0.11468958191143602,0.5962066523155848,0.30277550485033394
UFPR,VERAO,22,2020-01-22,0.2602932472834303,0.09482769759355836,0.694599063973871,0.277028638974833
UFPR,VERAO,23,2020-01-22,0.2588306689290829,0.07771396147643408,0.4823378758004934,0.270245767749723
UFPR,VERAO,24,2020-01-22,0.25773499080674867,0.09790708948008667,0.47952071069335267,0.2757047762673264
UFPR,VERAO,25,2020-01-22,0.2484038989917868,0.16223758687290937,0.2585849313305406,0.29669096991426386
UFPR,VERAO,26,2020-01-29,0.3211023179941627,0.23348058563540933,0.34837178632533045,0.39701370567006644
UFPR,VERAO,27,2020-01-29,0.40770446382328873,0.1486812884285169,0.3566419393713768,0.43396895666648694
UFPR,VERAO,28,2020-01-29,0.4006528442994029,0.17648355792467968,0.30611955193135465,0.43780035160213765
UFPR,VERAO,29,2020-01-29,0.36184799669645895,0.126054103800391,0.45135433696132893,0.3831756905104502
UFPR,VERAO,30,2020-01-29,0.4013139186795707,0.11044827787313088,0.2840127594609192,0.4162351299579283
UFPR,VERAO,31,2020-01-29,0.4423871214208544,0.1947685768107438,0.49242436684225516,0.4833644212309305
NAUS,VERAO,1,2020-01-01,0.14340931111912272,0.1641441278530322,0.48369808505370665,0.21796679844484096
NAUS,VERAO,2,2020-01-01,0.16736972263329905,0.09299674193501418,0.3395136984232418,0.1914706715527866
NAUS,VERAO,3,2020-01-01,0.07768487859902955,0.06158246445501625,0.38354716833490554,0.09913294251306827
NAUS,VERAO,4,2020-01-01,0.12752043212608577,0.10255716812620437,0.34203253377917664,0.1636442279571455
NAUS,VERAO,5,2020-01-08,0.12959520796893062,0.078757787576248,0.3321582434105288,0.1516499490023514
NAUS,VERAO,6,2020-01-08,0.10664593001174728,0.11674113008704598,0.399382116067389,0.15811971996582555
NAUS,VERAO,7,2020-01-08,0.15401237534304488,0.23306017781233673,0.3720096369501844,0.2793507799178749
NAUS,VERAO,8,2020-01-08,0.06666782550507934,0.12417453695169298,0.15066421156843,0.14093940039869288
NAUS,VERAO,9,2020-01-08,0.09848447870257647,0.07143521503579245,0.32234376568738327,0.12166422026433305
NAUS,VERAO,10,2020-01-08,0.11787090395350566,0.12943322050572242,0.13342796786005295,0.17506144226899173
NAUS,VERAO,11,2020-01-08,0.23746648041212845,0.14791364720866984,0.32151551116151283,0.2797655739184052
NAUS,VERAO,12,2020-01-15,0.18320211274087458,0.1425594856634315,0.18336285767056212,0.23213405839157306
NAUS,VERAO,13,2020-01-15,0.14393856107494246,0.07209405603286403,0.28121620661163393,0.1609840435558589
NAUS,VERAO,14,2020-01-15,0.09766057186240942,0.0926518548709233,0.33777218711747553,0.13461780531384201
NAUS,VERAO,15,2020-01-15,0.09832964063800827,0.07825975490079236,0.2550872961374714,0.12567142660577996
NAUS,VERAO,16,2020-01-15,0.07710942937398188,0.1406231957300584,0.4263187605200652,0.16037689133948013
NAUS,VERAO,17,2020-01-15,0.08490248801220937,0.15415050221254387,0.42085921784176755,0.175985254504583
NAUS,VERAO,18,2020-01-15,0.10374701859474528,0.12721525861030422,0.3756959570404483,0.1641559194503354
NAUS,VERAO,19,2020-01-22,0.0787524399177039,0.11988669688125086,0.5608190568272294,0.14343907027755196
NAUS,VERAO,20,2020-01-22,0.13525745098950112,0.06546763764257707,0.46887342883718314,0.15026839197474987
NAUS,VERAO,21,2020-01-22,0.15766726077488696,0.11127440173300313,0.33706219219159644,0.1929791636454412
NAUS,VERAO,22,2020-01-22,0.13539273046080705,0.07049131700268758,0.40726956042846696,0.15264408679803532
NAUS,VERAO,23,2020-01-22,0.12820658560540815,0.10740583068845937,0.3256992788139873,0.16725113171059516
NAUS,VERAO,24,2020-01-22,0.09545161343378367,0.09565506537904495,0.23578923950486447,0.13513290509635997
NAUS,VERAO,25,2020-01-22,0.15411494892170785,0.08461387246238833,0.6492790137032248,0.17581503034218077
NAUS,VERAO,26,2020-01-29,0.10305626441643051,0.08273243566005531,0.3253518212106974,0.13215615591305022
NAUS,VERAO,27,2020-01-29,0.11804650427041301,0.1519115124703148,0.27178723949121103,0.19238525097180204
NAUS,VERAO,28,2020-01-29,0.15984800072464536,0.19024144231019746,0.3724524235845756,0.248481769367353
NAUS,VERAO,29,2020-01-29,0.208465289937389,0.13284654027596002,0.369988455993911,0.24719623858783113
NAUS,VERAO,30,2020-01-29,0.13704044511593297,0.10778462948935459,0.4146443010537778,0.17434910367343587
NAUS,VERAO,31,2020-01-29,0.15935502964293824,0.1621944990958844,0.4208364221337391,0.22737871714271451
POAL,VERAO,1,2020-01-01,0.20915492349126055,0.12827137389489976,0.3104870784605651,0.24535551222974436
POAL,VERAO,2,2020-01-01,0.18708650293174056,0.07215350421128217,0.23800186051510142,0.20051804843753013
POAL,VERAO,3,2020-01-01,0.14313739828531188,0.07338762710705302,0.28834212462249675,0.16085415319565693
POAL,VERAO,4,2020-01-01,0.19985502963997587,0.08788799503760326,0.3259615591370671,0.21832620672774353
POAL,VERAO,5,2020-01-08,0.148681410321946,0.109518165075046,0.34716174303648273,0.18466290980250447
POAL,VERAO,6,2020-01-08,0.20898836527928352,0.12915692381932065,0.3503529032885135,0.24567793509506922
POAL,VERAO,7,2020-01-08,0.2524957738424963,0.18729366633993774,0.27112798208536387,0.31437721491764786
POAL,VERAO,8,2020-01-08,0.20511754079106054,0.12228810225831017,0.2987370776997599,0.23880449219834896
POAL,VERAO,9,2020-01-08,0.17955649491331588,0.07046471193438071,0.21373054525302598,0.19288807763454663
POAL,VERAO,10,2020-01-08,0.24281202907105265,0.09535638989476375,0.25906185225258466,0.2608649507989985
POAL,VERAO,11,2020-01-08,0.25968076762698417,0.12347450528641382,0.24378508828774587,0.2875413962042064
POAL,VERAO,12,2020-01-15,0.21401963319940298,0.0898448554120481,0.5377953401938534,0.23211312207373977
POAL,VERAO,13,2020-01-15,0.1425041966391671,0.18714611769642298,0.8042130021568684,0.23522566915330012
POAL,VERAO,14,2020-01-15,0.22178621341428478,0.12729951343772355,0.19562819005032187,0.25572307401196287
POAL,VERAO,15,2020-01-15,0.18796944026702977,0.12052389332490086,0.21928169300817696,0.22329021325730458
POAL,VERAO,16,2020-01-15,0.19221705110696846,0.10438847795542826,0.32653321302684685,0.2187335115296919
POAL,VERAO,17,2020-01-15,0.2529537185823458,0.20853660635288307,0.7232694271589458,0.3278309014321467
POAL,VERAO,18,2020-01-15,0.17796669508073398,0.10912796489533555,0.5464580301970724,0.2087607656628911
POAL,VERAO,19,2020-01-22,0.25148760351950644,0.10952829385028308,0.4294965782935395,0.27430359435803686
POAL,VERAO,20,2020-01-22,0.30664967180565805,0.08146046188000779,0.47727858415408453,0.3172850895775312
POAL,VERAO,21,2020-01-22,0.18612173825619202,0.2428732098666958,0.5695246764843669,0.30598806761450437
POAL,VERAO,22,2020-01-22,0.17561004547598885,0.12867662635810742,0.4158278871716535,0.21770751535714805
POAL,VERAO,23,2020-01-22,0.22621935385555378,0.15611623530578592,0.4369842467262811,0.2748590092845344
POAL,VERAO,24,2020-01-22,0.2542580822388231,0.2014547480672158,0.2722864464506584,0.32439356945320225
POAL,VERAO,25,2020-01-22,0.24980127441698372,0.12369685490771958,0.19098936163110056,0.27875004684198823
POAL,VERAO,26,2020-01-29,0.3281380918870517,0.2015586633082877,0.15332623349296723,0.38509804219432076
POAL,VERAO,27,2020-01-29,0.18744469744613748,0.13761211978951873,0.36860725701703784,0.23253518037845128
POAL,VERAO,28,2020-01-29,0.2859671243806204,0.2775746123148064,0.32408767117623294,0.3985283699164167
POAL,VERAO,29,2020-01-29,0.1992267720733666,0.19618032123502313,0.2139604531453086,0.2796033353711111
POAL,VERAO,30,2020-01-29,0.1690063579207128,0.21914909845822278,0.21027000228644305,0.2767480377033881
POAL,VERAO,31,2020-01-29,0.20359444625554834,0.21253838883958917,0.2587078843482567,0.294318306050833
PERC,VERAO,1,2020-01-01,0.14424982842824927,0.14706521503742706,0.5421808006250736,0.2060004623188599
PERC,VERAO,2,2020-01-01,0.16095329183780713,0.15622982029756352,0.48776542521806127,0.22430719761888002
PERC,VERAO,3,2020-01-01,0.19901554282279382,0.08121319635622126,0.4892532214617736,0.21494829505591673
PERC,VERAO,4,2020-01-01,0.22527373260113767,0.09247030042848624,0.5979074356823199,0.24351388268717533
PERC,VERAO,5,2020-01-08,0.13265232912144262,0.08582293726212716,0.435162834352715,0.15799435743608867
PERC,VERAO,6,2020-01-08,0.2261462930889518,0.0840703293454238,0.388727145780836,0.241267416271079
PERC,VERAO,7,2020-01-08,0.39346437649802113,0.09301413683317655,0.43128223180703407,0.40430909614278704
PERC,VERAO,8,2020-01-08,0.13233376993171014,0.09091094935961637,0.3309299746151468,0.16055225746717336
PERC,VERAO,9,2020-01-08,0.2633843320856374,0.07533973397080294,0.28799415262419126,0.2739477722176048
PERC,VERAO,10,2020-01-08,0.16702001661875007,0.12300353105406148,0.35719186710723816,0.20742602200084495
PERC,VERAO,11,2020-01-08,0.14483270931439915,0.09899673279104113,0.26312134240125296,0.1754333685210714
PERC,VERAO,12,2020-01-15,0.18122826500163605,0.22755350733083102,0.13753855098695267,0.2909025313297665
PERC,VERAO,13,2020-01-15,0.09646214411101336,0.15747979917287974,0.31409498004107717,0.18467493710307428
PERC,VERAO,14,2020-01-15,0.17797313851154356,0.06965536849705277,0.18169604920578697,0.19111857155208462
PERC,VERAO,15,2020-01-15,0.17876931160167256,0.13581419413779636,0.3057860327896016,0.2245082673307042
PERC,VERAO,16,2020-01-15,0.1746532047745436,0.15813792700872834,0.4932718249287063,0.23560845888175694
PERC,VERAO,17,2020-01-15,0.24019831881922185,0.2590132442111287,0.18237142682677698,0.35324650463996715
PERC,VERAO,18,2020-01-15,0.26441842094362905,0.28061998973566554,0.26242413886972715,0.38557059013048084
PERC,VERAO,19,2020-01-22,0.19517478608108882,0.31835020875763376,0.26934838675074363,0.37341672771560164
PERC,VERAO,20,2020-01-22,0.26851823124410235,0.4060706002580243,0.3943267210193533,0.4868217054573197
PERC,VERAO,21,2020-01-22,0.27584619821081374,0.2750321059587755,0.328477576137301,0.3895302098367707
PERC,VERAO,22,2020-01-22,0.28352002772489193,0.15314152704858533,0.3631999975271819,0.3222358351082264
PERC,VERAO,23,2020-01-22,0.3714123262865751,0.2615020517479278,0.2708851000275753,0.4542361051105264
PERC,VERAO,24,2020-01-22,0.3131097822394322,0.2572287541695176,0.27959638709673745,0.4052213811062131
PERC,VERAO,25,2020-01-22,0.33568410203744914,0.28472308117778583,0.25251790393360923,0.4401716134828103
PERC,VERAO,26,2020-01-29,0.30989661411975583,0.2768693477983677,0.28235435035307327,0.4155629280785069
PERC,VERAO,27,2020-01-29,0.27879377306275843,0.2710927062290341,0.2205383674637041,0.3888665880082142
PERC,VERAO,28,2020-01-29,0.16252941945089908,0.2949922193590481,0.36540326221985575,0.3368029418954399
PERC,VERAO,29,2020-01-29,0.36276483606971033,0.23028540800763922,0.25401326633799876,0.42968557740507035
PERC,VERAO,30,2020-01-29,0.32054929540955485,0.22349815542722576,0.14035598602018456,0.3907726657110684
PERC,VERAO,31,2020-01-29,0.3886977794214614,0.2035091933267616,0.33286357766790853,0.4387504478581011
ONRJ,VERAO,1,2020-01-01,0.2858036774865141,0.13773207664218198,0.4158634555994505,0.31725993601616836
ONRJ,VERAO,2,2020-01-01,0.3422405885886447,0.07183704457385261,0.3143893474140682,0.34969870095641997
ONRJ,VERAO,3,2020-01-01,0.3534863377284363,0.11992314880940433,0.2265678069363665,0.3732749021579467
ONRJ,VERAO,4,2020-01-01,0.2698409407119504,0.11369191784958174,0.3418285017477669,0.2928139092813495
ONRJ,VERAO,5,2020-01-08,0.20172331745787686,0.1011363858787176,0.44162618102093626,0.22565652074518083
ONRJ,VERAO,6,2020-01-08,0.27873797741936096,0.10768828577506906,0.5389319537326249,0.2988170459478661
ONRJ,VERAO,7,2020-01-08,0.32854414940248583,0.06800187908620903,0.39967606109972487,0.33550784441776965
ONRJ,VERAO,8,2020-01-08,0.31592147310250973,0.0750447550913334,0.37735142152722917,0.32471232257796745
ONRJ,VERAO,9,2020-01-08,0.37216590245891185,0.07688373694638517,0.3866051747217903,0.38002443074083697
ONRJ,VERAO,10,2020-01-08,0.24475478836044226,0.07570560912215053,0.29723382701885864,0.25619571752455333
ONRJ,VERAO,11,2020-01-08,0.2667329195694817,0.08171751886366177,0.21258025320026244,0.27896989671162103
ONRJ,VERAO,12,2020-01-15,0.3190784122639396,0.12482918722383068,0.23134525399770745,0.34262714305180025
ONRJ,VERAO,13,2020-01-15,0.11197514158540825,0.07835475245396174,0.1997985693723145,0.1366671122296577
ONRJ,VERAO,14,2020-01-15,0.19942064065833962,0.14453797677944977,0.13877156220141104,0.24629214086543522
ONRJ,VERAO,15,2020-01-15,0.15953005439148008,0.09698271315011282,0.24452793206029075,0.18669623698432075
ONRJ,VERAO,16,2020-01-15,0.16791146091124717,0.04876865297468509,0.36556132626518617,0.17485033662625457
ONRJ,VERAO,17,2020-01-15,0.21512716068700144,0.11325231385497954,0.7271825591139996,0.24311680702649444
ONRJ,VERAO,18,2020-01-15,0.2365064909660205,0.07528888252277768,0.6513448432853872,0.24820099939482304
ONRJ,VERAO,19,2020-01-22,0.24964451098438462,0.17591896127161857,0.6401902108119971,0.3054011506191779
ONRJ,VERAO,20,2020-01-22,0.21704597587625257,0.0758708598844149,0.7406539518072053,0.22992464640328433
ONRJ,VERAO,21,2020-01-22,0.18304170335607384,0.11295534796737823,0.4685674958075328,0.2150887626119143
ONRJ,VERAO,22,2020-01-22,0.0993609772995627,0.16233548597204417,0.5288876408184616,0.1903297502118467
ONRJ,VERAO,23,2020-01-22,0.21077065162946246,0.10573503687073145,0.3283490561877963,0.23580535534708102
ONRJ,VERAO,24,2020-01-22,0.22327389043292034,0.1473662432615706,0.30531880352851715,0.2675220361055891
ONRJ,VERAO,25,2020-01-22,0.2172859667433728,0.13295713551718766,0.25213661081100536,0.2547367096210083
ONRJ,VERAO,26,2020-01-29,0.08007911276406453,0.07667030063462642,0.17541089968989135,0.11086477935071967
ONRJ,VERAO,27,2020-01-29,0.06381002906704214,0.07139084771145653,0.2525848154119146,0.09575162111681003
ONRJ,VERAO,28,2020-01-29,0.18765721925259662,0.15707108337497086,0.248580136942705,0.24471730051266127
ONRJ,VERAO,29,2020-01-29,0.150403460777566,0.0849884441053158,0.2803442033938785,0.17275484550457976
ONRJ,VERAO,30,2020-01-29,0.10481792771474273,0.0734296164447073,0.4850411553724327,0.12797932075780782
ONRJ,VERAO,31,2020-01-29,0.12078571156652161,0.10548872352614706,0.5037845118185174,0.16036539187058674
SSA1,VERAO,1,2020-01-01,0.41918813619894024,0.25844546391552137,0.3312152369123728,0.49245583695236095
SSA1,VERAO,2,2020-01-01,0.48308650727439756,0.25137773411908276,0.398111675046487,0.544576292838222
SSA1,VERAO,3,2020-01-01,0.3975686827387273,0.26108849251077254,0.45297066287314947,0.47563437472091363
SSA1,VERAO,4,2020-01-01,0.4544714812961972,0.26781432927307597,0.37042940370780464,0.5275119356711725
SSA1,VERAO,5,2020-01-08,0.4265297078033532,0.2415184760474463,0.38383366429553356,0.4901619792589943
SSA1,VERAO,6,2020-01-08,0.4266410041480202,0.19684760715867616,0.676030884368506,0.4698633065738667
SSA1,VERAO,7,2020-01-08,0.39275139480108284,0.20497157482510814,0.5000251928947326,0.44302032075795456
SSA1,VERAO,8,2020-01-08,0.49185245201271366,0.1814706515053064,0.5368158747069193,0.5242617971096875
SSA1,VERAO,9,2020-01-08,0.4497849347168212,0.18768724080079127,0.48300271429679825,0.4873735608931093
SSA1,VERAO,10,2020-01-08,0.39990658393830125,0.14725620310489385,0.22630780396963338,0.42615685519544483
SSA1,VERAO,11,2020-01-08,0.3712374523648645,0.2097376372611086,0.25385542880199796,0.42638846434000466
SSA1,VERAO,12,2020-01-15,0.38969325342238925,0.1133327275008027,0.17754094192824413,0.40583880899403607
SSA1,VERAO,13,2020-01-15,0.3882572020228208,0.09121120040856036,0.31931514658383986,0.3988272031877465
SSA1,VERAO,14,2020-01-15,0.36300120294006366,0.1785107527667638,0.5423401162873744,0.4045194212757775
SSA1,VERAO,15,2020-01-15,0.2742851740858252,0.12367118490994243,0.16283265769121621,0.30087691619717294
SSA1,VERAO,16,2020-01-15,0.3436006638627995,0.10080197239445764,0.19223378961838458,0.35808163014258293
SSA1,VERAO,17,2020-01-15,0.30321208945524203,0.07660690939918645,0.208232322129083,0.3127398115998487
SSA1,VERAO,18,2020-01-15,0.2831605550200699,0.06588721232287352,0.37778224032837826,0.29072499835231486
SSA1,VERAO,19,2020-01-22,0.3362812695287008,0.15802456013429547,0.2906262089128897,0.3715600272384965
SSA1,VERAO,20,2020-01-22,0.3486771334560725,0.08387618189809191,0.48487906777446316,0.35862369872185745
SSA1,VERAO,21,2020-01-22,0.4107774721767123,0.14401025325890557,0.3777072993312976,0.43528965608153813
SSA1,VERAO,22,2020-01-22,0.33215065315498693,0.09679112448327498,0.3275156630376227,0.34596615176924644
SSA1,VERAO,23,2020-01-22,0.3583298917945829,0.07828439451886907,0.3112290739571201,0.36678162137531295
SSA1,VERAO,24,2020-01-22,0.31045248773950124,0.10917149242244654,0.20984581332845342,0.3290883800765221
SSA1,VERAO,25,2020-01-22,0.38534578083347415,0.1281985355829221,0.2750415951464265,0.40611111205157346
SSA1,VERAO,26,2020-01-29,0.3247536785162009,0.12361805492676801,0.23520837285038554,0.34748579138388
SSA1,VERAO,27,2020-01-29,0.3385370319546021,0.06459765839667121,0.38347118958297677,0.3446450050050984
SSA1,VERAO,28,2020-01-29,0.15417176408633604,0.12302595134706702,0.15862584408500716,0.19724177434393494
SSA1,VERAO,29,2020-01-29,0.17925609176300034,0.19157218935271111,0.2524228752968759,0.2623597723881011
SSA1,VERAO,30,2020-01-29,0.14475871158536988,0.06067387025150539,0.22563656643457636,0.15695987739276815
SSA1,VERAO,31,2020-01-29,0.14438241593568144,0.22506900949235453,0.33926772452482,0.26739921665048627
SAGA,VERAO,1,2020-01-01,0.16078779763128517,0.08027516733942636,0.3251310884476895,0.17971315577467337
SAGA,VERAO,2,2020-01-01,0.2711474378109698,0.07905498917018991,0.3801344095381506,0.28243693870340786
SAGA,VERAO,3,2020-01-01,0.26583984190224336,0.0973498699638274,0.3775304828705473,0.28310390093494625
SAGA,VERAO,4,2020-01-01,0.29598786680888656,0.09834132154235824,0.42187127604540514,0.3118971510302277
SAGA,VERAO,5,2020-01-08,0.4255352418181778,0.1787440931057198,0.38507483625319633,0.46155139784149857
SAGA,VERAO,6,2020-01-08,0.3139315238600395,0.30393936003089045,0.22942088674023467,0.43695781975961223
SAGA,VERAO,7,2020-01-08,0.32078379521910366,0.2364773421490002,0.3366385300754461,0.39852700865189444
SAGA,VERAO,8,2020-01-08,0.3634285128298974,0.12606179442623816,0.22778165958990135,0.3846711062085558
SAGA,VERAO,9,2020-01-08,0.3199588276482702,0.1298506397718924,0.22152888608044968,0.34530398207843654
SAGA,VERAO,10,2020-01-08,0.349565550829445,0.11942417898233036,0.30944183190097435,0.3694025024986931
SAGA,VERAO,11,2020-01-08,0.3163752987385784,0.1260349167695318,0.3487656265670387,0.3405556193884158
SAGA,VERAO,12,2020-01-15,0.2781996945844392,0.1388287944380865,0.5263733978374097,0.3109155902041706
SAGA,VERAO,13,2020-01-15,0.31850182182223824,0.12160000417978507,0.22321918880830893,0.3409251699722515
SAGA,VERAO,14,2020-01-15,0.20911864464190486,0.15556492965722668,0.3819003367287385,0.2606358664422937
SAGA,VERAO,15,2020-01-15,0.21193728855215296,0.13098609251359297,0.3198328992395666,0.2491480899200676
SAGA,VERAO,16,2020-01-15,0.34361624239129135,0.1277393943132499,0.765293330820826,0.36659170052611206
SAGA,VERAO,17,2020-01-15,0.2966606255077232,0.10149679682980153,0.6776000690124877,0.3135428622905385
SAGA,VERAO,18,2020-01-15,0.2895477283278172,0.14762122631174587,0.576859771955953,0.32500755904683687
SAGA,VERAO,19,2020-01-22,0.4286403890683052,0.1530288674427834,0.6548610004899673,0.45513780046426494
SAGA,VERAO,20,2020-01-22,0.2582738539314425,0.21391894627758126,0.4159559644951037,0.3353605510508217
SAGA,VERAO,21,2020-01-22,0.34992431422949144,0.1056206523922722,0.742348904150243,0.36551709659159454
SAGA,VERAO,22,2020-01-22,0.2256505682536188,0.10672456505303135,0.5183480029860801,0.24961632907111625
SAGA,VERAO,23,2020-01-22,0.18770389972744947,0.17042919493378061,0.5032232395408485,0.25353276801760555
SAGA,VERAO,24,2020-01-22,0.21414920962457656,0.10164887435671083,0.40603606280530546,0.23704931478664354
SAGA,VERAO,25,2020-01-22,0.22385256108377913,0.10400341784902642,0.34893799261082503,0.2468333041306344
SAGA,VERAO,26,2020-01-29,0.19732527810124564,0.16589427074787758,0.5547792548343993,0.2577948301357187
SAGA,VERAO,27,2020-01-29,0.1754969083898032,0.15525968945121002,0.35350628270636947,0.23431759648576364
SAGA,VERAO,28,2020-01-29,0.20826668560819567,0.19316647631519956,0.4615378780658643,0.2840568603400621
SAGA,VERAO,29,2020-01-29,0.16436097044355258,0.08198977840311442,0.43087167282468064,0.18367594390049605
SAGA,VERAO,30,2020-01-29,0.1474718103508916,0.09663914975192898,0.7745545509665465,0.17631522938460278
SAGA,VERAO,31,2020-01-29,0.28103362051383884,0.10196724688923016,0.9453279486875177,0.29896022360388613
POLI,VERAO,1,2020-01-01,0.15496148844186633,0.1318184479384111,0.2655811111099565,0.2034432749367997
POLI,VERAO,2,2020-01-01,0.08166924296675104,0.11879952987941356,0.3716776842174379,0.14416377334938166
POLI,VERAO,3,2020-01-01,0.16157468831838154,0.11673474303382378,0.3864862853309693,0.19933233590251986
POLI,VERAO,4,2020-01-01,0.16469932502948106,0.12600236071571677,0.4454328907002932,0.20737035123445263
POLI,VERAO,5,2020-01-08,0.12071677722425181,0.12981330215485137,0.36638790518342007,0.17726825355871362
POLI,VERAO,6,2020-01-08,0.12685736596250352,0.19844845406502779,0.4593349241895012,0.2355304231298878
POLI,VERAO,7,2020-01-08,0.1347236685527423,0.14123590074919176,0.4053005293248001,0.1951872089270829
POLI,VERAO,8,2020-01-08,0.1304935610346291,0.0793947130670609,0.3695743029189035,0.15274845313291852
POLI,VERAO,9,2020-01-08,0.14756121340844852,0.07219501191060464,0.41403327754644587,0.16427547427216893
POLI,VERAO,10,2020-01-08,0.3320804853077117,0.10410971145322202,0.2716270841830785,0.3480176442956283
POLI,VERAO,11,2020-01-08,0.20473862509169136,0.08671344748872865,0.20761375594414405,0.22234461221225185
POLI,VERAO,12,2020-01-15,0.19090766986836274,0.15063390723815773,0.27648753182549796,0.24317958883179666
POLI,VERAO,13,2020-01-15,0.1548318368493002,0.11087799102902919,0.5502304580894485,0.1904385113278346
POLI,VERAO,14,2020-01-15,0.23425914630580402,0.14974348588302983,0.6344232450162385,0.27802960128792986
POLI,VERAO,15,2020-01-15,0.1845452978402826,0.11041946292322573,0.3757841174816936,0.21505679423634175
POLI,VERAO,16,2020-01-15,0.23204782565509416,0.1280173282091741,0.4085285640410153,0.2650181686471182
POLI,VERAO,17,2020-01-15,0.27749839760273204,0.12475877155729685,0.29666206158136604,0.30425336769306227
POLI,VERAO,18,2020-01-15,0.29461307058701847,0.14466485870086102,0.5287002244519428,0.3282145376177777
POLI,VERAO,19,2020-01-22,0.2350504846020954,0.07544266509911682,0.7166506905645704,0.2468609447217955
POLI,VERAO,20,2020-01-22,0.204810933038611,0.12345780540350364,0.5234408433962847,0.23914294471548972
POLI,VERAO,21,2020-01-22,0.15158124999418132,0.22285063823872003,0.519703977201069,0.2695167570174503
POLI,VERAO,22,2020-01-22,0.2103185458351195,0.10926238375790422,0.6658569242840627,0.23700666494142902
POLI,VERAO,23,2020-01-22,0.26795815042002824,0.19158322801099542,0.8535963637693647,0.32940203950740127
POLI,VERAO,24,2020-01-22,0.1222899518091546,0.11238329401978757,0.45320537692069846,0.16608683598715274
POLI,VERAO,25,2020-01-22,0.22913584197115056,0.06562230855884423,0.3123227601016789,0.23834748049102647
POLI,VERAO,26,2020-01-29,0.18006001710224548,0.1889283866204328,0.26473876464700663,0.2609895496564195
POLI,VERAO,27,2020-01-29,0.371785646401928,0.16062149406244688,0.381044603941264,0.4049985570657655
POLI,VERAO,28,2020-01-29,0.17626533900703004,0.1360064513029397,0.36751386501404176,0.2226369792538565
POLI,VERAO,29,2020-01-29,0.29485816594831915,0.26322577947002995,0.3002786677209229,0.3952583319855653
POLI,VERAO,30,2020-01-29,0.3420534813917011,0.29722210367656,0.3893123969087545,0.45314629320574007
POLI,VERAO,31,2020-01-29,0.3390075160155998,0.21277982691618866,0.5303680803263607,0.4002516091879586
BRAZ,INVERNO,183,2020-07-01,0.1966867856668536,0.3807211525283959,0.2377448999504726,0.4285257140925255
BRAZ,INVERNO,184,2020-07-01,0.0730561950216903,0.12290425836901765,0.26599903689414145,0.14297784568346766
BRAZ,INVERNO,185,2020-07-01,0.07758658375161183,0.18162435108396718,0.33983276995124523,0.19750210855815703
BRAZ,INVERNO,186,2020-07-01,0.18211642110476994,0.14683593677697138,0.38141191484866543,0.23393841746318758
BRAZ,INVERNO,187,2020-07-08,0.13728622675221133,0.18948532780378682,0.5608472308202085,0.23399187487767206
BRAZ,INVERNO,188,2020-07-08,0.16121779287635146,0.15427690215502987,0.5978510340088654,0.2231424192718068
BRAZ,INVERNO,189,2020-07-08,0.18030063624146753,0.23293810289013006,0.5680942828385911,0.29456489812455733
BRAZ,INVERNO,190,2020-07-08,0.3338537196723763,0.2111129120172673,0.247426482774738,0.39500249082694666
BRAZ,INVERNO,191,2020-07-08,0.1779899072388282,0.15548227248045812,0.18333467370058698,0.236336929265348
BRAZ,INVERNO,192,2020-07-08,0.19883074819074553,0.3342494593987821,0.227131341839131,0.3889169159788113
BRAZ,INVERNO,193,2020-07-08,0.15196960270846946,0.26764981580561553,0.3408762430946285,0.30778431416846114
BRAZ,INVERNO,194,2020-07-15,0.20414621887401407,0.13335577928498143,0.5252365523338912,0.24384306951246645
BRAZ,INVERNO,195,2020-07-15,0.1562699995725622,0.15483861357552314,0.49862866430628944,0.21998933842438542
BRAZ,INVERNO,196,2020-07-15,0.24926885325375933,0.07160556749704469,0.687796866777195,0.2593497994967762
BRAZ,INVERNO,197,2020-07-15,0.2359566596546166,0.1205394960890475,0.955927110426554,0.2649628565530763
BRAZ,INVERNO,198,2020-07-15,0.11869868136701513,0.12746709842945014,0.36882321945404084,0.1741758827745429
BRAZ,INVERNO,199,2020-07-15,0.19147746542954863,0.11307714396545816,0.368993354265732,0.2223736950601598
BRAZ,INVERNO,200,2020-07-15,0.10978588670974788,0.1446106154574282,0.24773081388731347,0.18156313233589513
BRAZ,INVERNO,201,2020-07-22,0.14287705826109895,0.10405432606490464,0.6443959830165401,0.17675168047338888
BRAZ,INVERNO,202,2020-07-22,0.1269034684499266,0.13407667682614144,0.46263367688481866,0.18461052400489816
BRAZ,INVERNO,203,2020-07-22,0.08581917064833205,0.1431599657489454,0.5346301642345253,0.16691226990250524
BRAZ,INVERNO,204,2020-07-22,0.16745208893109387,0.17747912083686723,0.1875236201229426,0.24400623029015936
BRAZ,INVERNO,205,2020-07-22,0.19893243457138815,0.20054124673409243,0.23817329370810386,0.2824728396964278
BRAZ,INVERNO,206,2020-07-22,0.21923611315688113,0.13916948663591114,0.1750689168890691,0.2596779145838934
BRAZ,INVERNO,207,2020-07-22,0.1177827278377337,0.10988552630500027,0.36865665947472537,0.16108258710433154
BRAZ,INVERNO,208,2020-07-29,0.21326688032029664,0.0758823056951689,0.3533770831262277,0.2263644993349593
BRAZ,INVERNO,209,2020-07-29,0.32848978942642426,0.14629484316065025,0.3644788751175555,0.3595938304432041
BRAZ,INVERNO,210,2020-07-29,0.34918757429775854,0.1058019391825261,0.25539233451000587,0.3648643753214824
BRAZ,INVERNO,211,2020-07-29,0.21022945618130065,0.09603104738156892,0.364883210602518,0.23112417940900631
BRAZ,INVERNO,212,2020-07-29,0.2395614064981601,0.15831890843571828,0.2289310122777247,0.2871489931231765
BRAZ,INVERNO,213,2020-07-29,0.2514098997379961,0.09913275123289175,0.42691863149013626,0.2702484783551457
CUIB,INVERNO,183,2020-07-01,0.27365769888862473,0.0940402304462348,0.2979637234686887,0.28936499633403856
CUIB,INVERNO,184,2020-07-01,0.21891499232845432,0.06651956684810542,0.3288875044413947,0.22879822254516485
CUIB,INVERNO,185,2020-07-01,0.2689291933353694,0.09573488358915493,0.1987308631989,0.2854611689246745
CUIB,INVERNO,186,2020-07-01,0.1835429279783575,0.0965449434169985,0.05934995021694348,0.20738595060963017
CUIB,INVERNO,187,2020-07-08,0.26061891697959483,0.05737435631575155,0.23956676933882018,0.26685958227177037
CUIB,INVERNO,188,2020-07-08,0.2792918726358182,0.0899182843173471,0.16084181759201818,0.29340969304881076
CUIB,INVERNO,189,2020-07-08,0.3176846017473939,0.07180701255915126,0.21459102393943724,0.32569886895730904
CUIB,INVERNO,190,2020-07-08,0.3227358762681955,0.11007106827891222,0.38424975873463035,0.34098986187665603
