Estacao,Periodo,DOY,DataReferencia,RMSE_X,RMSE_Y,RMSE_Z
BRAZ,VERAO,1,2020-01-01,0.18019474364062785,0.16114149052367116,0.11125950611518085
BRAZ,VERAO,4,2020-01-01,0.2035219904081542,0.18066210574109945,0.1158701177103799
BRAZ,VERAO,30,2020-01-29,0.2133528115372362,0.19867970332895227,0.12263228298814502
BRAZ,VERAO,13,2020-01-15,0.12902292494420586,0.15541144941564877,0.10357163185538168
BRAZ,VERAO,22,2020-01-22,0.21129988726760995,0.1956164298376239,0.12679813755744443
BRAZ,VERAO,17,2020-01-15,0.164091306302258,0.15281268889119676,0.09396213112364776
BRAZ,VERAO,12,2020-01-15,0.1653919739503641,0.17569453135832874,0.11118104740614666
BRAZ,VERAO,5,2020-01-08,0.1649030419173053,0.13539185268179815,0.0968063706935059
BRAZ,VERAO,15,2020-01-15,0.14739681799230003,0.19051431172653288,0.12623872102416675
BRAZ,VERAO,11,2020-01-08,0.16533171199727312,0.1924432036474426,0.11757281383589607
BRAZ,VERAO,19,2020-01-22,0.17192136729945415,0.16872485820347144,0.1104833196765254
BRAZ,VERAO,7,2020-01-08,0.21608776453897152,0.21182267128136734,0.11473822494326637
BRAZ,VERAO,21,2020-01-22,0.15011091097772358,0.13392327731359743,0.10446523579119983
BRAZ,VERAO,3,2020-01-01,0.1942471291869207,0.19460365986322753,0.11437896642480765
BRAZ,VERAO,16,2020-01-15,0.16035532672295702,0.16502717690792937,0.1124972003373655
BRAZ,VERAO,14,2020-01-15,0.1339363951458723,0.16607056037045495,0.10614735948282474
BRAZ,VERAO,28,2020-01-29,0.19457194378282633,0.18815957226037952,0.11095743961958433
BRAZ,VERAO,23,2020-01-22,0.16010235162458866,0.16418449772369295,0.10843905298529335
BRAZ,VERAO,20,2020-01-22,0.16275577313074474,0.14952159589134761,0.11613153957487264
BRAZ,VERAO,2,2020-01-01,0.18296522912792668,0.18408203494079756,0.10500778738099845
BRAZ,VERAO,31,2020-01-29,2.6347393660118086,3.6691439182750294,2.0880454902990127
BRAZ,VERAO,26,2020-01-29,0.14103897891101827,0.15683812089717425,0.09745979098537126
BRAZ,VERAO,6,2020-01-08,0.19071194394615265,0.18063436829619497,0.09684769207202765
BRAZ,VERAO,9,2020-01-08,0.1635585424415684,0.15904489191499974,0.09917860887244875
BRAZ,VERAO,27,2020-01-29,0.16494679366285028,0.17933179241111943,0.11260444558811802
BRAZ,VERAO,29,2020-01-29,0.1866209448359941,0.20523878383217398,0.1199967519359472
BRAZ,VERAO,24,2020-01-22,0.16616854562878167,0.1662039003427452,0.11377752418629059
BRAZ,VERAO,18,2020-01-15,0.16507181691933212,0.1550127518248984,0.10353489858593365
BRAZ,VERAO,10,2020-01-08,0.2589831225774435,0.2631371015689487,0.14657792675280662
BRAZ,VERAO,8,2020-01-08,0.1380090124785356,0.14574145736361865,0.08987374480358583
BRAZ,VERAO,25,2020-01-22,0.17331653458924906,0.17579176548943604,0.10219356506159233
CUIB,VERAO,23,2020-01-22,0.12779261889109703,0.2071436039872082,0.07980485393818991
CUIB,VERAO,21,2020-01-22,0.11939687861424025,0.18092145062678788,0.0553959575018796
CUIB,VERAO,4,2020-01-01,0.12393668613262818,0.2013738510929251,0.07465958492371277
CUIB,VERAO,15,2020-01-15,0.14103262561691055,0.2020297294305245,0.07201744231631278
CUIB,VERAO,16,2020-01-15,0.1227783336198164,0.21289217631429103,0.07988362426396367
CUIB,VERAO,2,2020-01-01,0.1323701756477179,0.18816784281558407,0.057488049228902154
CUIB,VERAO,5,2020-01-08,0.13260591043242675,0.2311534579807775,0.07855337037207452
CUIB,VERAO,12,2020-01-15,0.13494562020882367,0.19603452871804708,0.06221263848451076
CUIB,VERAO,7,2020-01-08,0.11846447526508631,0.19683012163130828,0.0619284982963405
CUIB,VERAO,31,2020-01-29,2.153427033380407,4.742588537746113,1.990689933649514
CUIB,VERAO,25,2020-01-22,0.09897457468607003,0.14724422051723338,0.05180923060596389
CUIB,VERAO,1,2020-01-01,0.11858717931935393,0.1941108354136895,0.06029491391705214
CUIB,VERAO,14,2020-01-15,0.16651661843571353,0.25085332306301117,0.09615480767186008
CUIB,VERAO,17,2020-01-15,0.06235099376633986,0.11440600645326067,0.03316495536179139
CUIB,VERAO,24,2020-01-22,0.12783233772725414,0.18913042855195444,0.07990364464908103
CUIB,VERAO,22,2020-01-22,0.12175106923670788,0.2019668047834772,0.07745226369387685
CUIB,VERAO,27,2020-01-29,0.15593461847715137,0.2246888788134007,0.0900109094332062
CUIB,VERAO,6,2020-01-08,0.10520336970423955,0.19538785932777364,0.06902962295433766
CUIB,VERAO,8,2020-01-08,0.11423546561481555,0.17212605087667526,0.05556622309243052
CUIB,VERAO,11,2020-01-08,0.1221615956085844,0.21267189534630404,0.06792213740549595
CUIB,VERAO,30,2020-01-29,0.124136950596176,0.1769996028856491,0.0738808769052878
CUIB,VERAO,28,2020-01-29,0.07075116894349386,0.14181740724100897,0.043444638162056536
CUIB,VERAO,20,2020-01-22,0.09196398128661026,0.13305871781711132,0.039931339823973004
CUIB,VERAO,10,2020-01-08,0.14342406239270009,0.21123312294552454,0.07077976708481949
CUIB,VERAO,9,2020-01-08,0.1283380905166902,0.20749935720651083,0.07211145128831964
CUIB,VERAO,3,2020-01-01,0.1524164453107232,0.2364504661534409,0.0741571831463526
CUIB,VERAO,19,2020-01-22,0.1233034031791668,0.19127902066091565,0.06306072182934457
CUIB,VERAO,26,2020-01-29,0.14493271189014348,0.18947400761977587,0.08125546725404072
CUIB,VERAO,18,2020-01-15,0.12707753303516992,0.19935790365033243,0.07187149372506658
CUIB,VERAO,29,2020-01-29,0.15257547163840413,0.22692903050769392,0.08497576695606818
CUIB,VERAO,13,2020-01-15,0.13500955184360777,0.22454882702891135,0.07406999747635307
UFPR,VERAO,13,2020-01-15,0.28673890580008105,0.3394166337087322,0.219944551272579
UFPR,VERAO,27,2020-01-29,0.23987306296827293,0.24661684970043016,0.16155178023414912
UFPR,VERAO,12,2020-01-15,0.29735037265510283,0.3395928700177607,0.22729910975456602
UFPR,VERAO,26,2020-01-29,0.29097760146132684,0.30188237733918866,0.18395858944606747
UFPR,VERAO,14,2020-01-15,0.2881012467707498,0.31885051301903505,0.22091268014657997
UFPR,VERAO,31,2020-01-29,1.955034920075557,4.265106304652448,2.8556141639248227
UFPR,VERAO,4,2020-01-01,0.26439495900943927,0.2778958025969252,0.1906325767894318
UFPR,VERAO,1,2020-01-01,0.2817096496365414,0.29340834228962476,0.19948289628130042
UFPR,VERAO,30,2020-01-29,0.28353442091700365,0.3057209839017717,0.20474351671888585
UFPR,VERAO,28,2020-01-29,0.2549062919590114,0.2687320326642019,0.1808476082031839
UFPR,VERAO,3,2020-01-01,0.26699411874822987,0.30026017332779903,0.19603737530370294
UFPR,VERAO,5,2020-01-08,0.3252323674722692,0.3048222526243473,0.21950633174793785
UFPR,VERAO,20,2020-01-22,0.30833404363437106,0.3545562790996796,0.24093014043695302
UFPR,VERAO,17,2020-01-15,0.2882479354655029,0.3105691222252921,0.2122329069140857
UFPR,VERAO,23,2020-01-22,0.26874613102073364,0.2879168829436455,0.19681888355079435
UFPR,VERAO,21,2020-01-22,0.3325935050728835,0.34867167362957213,0.23201439378348918
UFPR,VERAO,2,2020-01-01,0.2786783666746749,0.2788693704106978,0.19133244744309244
UFPR,VERAO,29,2020-01-29,0.29056981181676517,0.31048430282373174,0.20861523782391583
UFPR,VERAO,25,2020-01-22,0.26969706602579807,0.30001095958428914,0.20560071155842896
UFPR,VERAO,19,2020-01-22,0.3118984867897133,0.33252949079079613,0.22269227723506146
UFPR,VERAO,10,2020-01-08,0.23662101238033037,0.24944643832065405,0.1686999728502075
UFPR,VERAO,18,2020-01-15,0.2639567302931877,0.30379082420363457,0.20991127829858364
UFPR,VERAO,11,2020-01-08,0.2451317655672928,0.2686647962481096,0.18373414989072503
UFPR,VERAO,8,2020-01-08,0.27291569079480166,0.28332699653080295,0.21196199110521483
UFPR,VERAO,22,2020-01-22,0.2959389137951784,0.2954423951654959,0.2052873289379796
UFPR,VERAO,6,2020-01-08,0.2907292131986026,0.2798696959416497,0.1994942307719862
UFPR,VERAO,24,2020-01-22,0.2718236425778969,0.27933903930972087,0.1940024577813393
UFPR,VERAO,15,2020-01-15,0.2596222547945462,0.2869123828850595,0.2165800147858941
UFPR,VERAO,16,2020-01-15,0.3242965201176012,0.33839606523075433,0.23486568613853293
UFPR,VERAO,9,2020-01-08,0.30993714061390265,0.28695287745378245,0.19297704110438382
UFPR,VERAO,7,2020-01-08,0.25978689218558115,0.27476331372040846,0.18909784133763036
NAUS,VERAO,1,2020-01-01,0.10175080731881632,0.10124448350607888,0.028301735082590034
NAUS,VERAO,10,2020-01-08,0.056757650499489797,0.0864899189703736,0.027498676726692428
NAUS,VERAO,4,2020-01-01,0.0831936161680978,0.07549855556836468,0.029673536329192302
NAUS,VERAO,12,2020-01-15,0.06754603522313725,0.11172046872609902,0.030303972345156815
NAUS,VERAO,8,2020-01-08,0.06409195036345507,0.10477393512934982,0.03337303814909959
NAUS,VERAO,20,2020-01-22,0.050992408019720145,0.0769176236879452,0.024610643375305948
NAUS,VERAO,28,2020-01-29,0.08107711722280565,0.14230534533991665,0.033837785021420375
NAUS,VERAO,18,2020-01-15,0.05055932159964112,0.07110006000997701,0.03178200399768585
NAUS,VERAO,23,2020-01-22,0.0582547731324664,0.0788991656279149,0.030595203633476824
NAUS,VERAO,26,2020-01-29,0.06906230334629257,0.07213226436709287,0.030239419557464838
NAUS,VERAO,29,2020-01-29,0.051772392415575755,0.09549184175079553,0.02834516977057352
NAUS,VERAO,2,2020-01-01,0.09072796485311121,0.10122395893086192,0.029334823023432727
NAUS,VERAO,24,2020-01-22,0.04770878559928794,0.10984633297469525,0.031216886533379295
NAUS,VERAO,22,2020-01-22,0.0725410588381154,0.13431679929714058,0.026371989757157887
NAUS,VERAO,30,2020-01-29,0.043770905549213646,0.07820829459876759,0.027208720900985122
NAUS,VERAO,27,2020-01-29,0.06825831624866194,0.08792702645344934,0.033195520876163336
NAUS,VERAO,21,2020-01-22,0.0691904228260757,0.12257511449771553,0.03134610260647
NAUS,VERAO,3,2020-01-01,0.08147358304983358,0.11157830689937026,0.03713548664034056
NAUS,VERAO,6,2020-01-08,0.08289976042837613,0.07737982605428861,0.03626527735998667
NAUS,VERAO,15,2020-01-15,0.054657748886598294,0.07539092262750458,0.03005386239892812
NAUS,VERAO,25,2020-01-22,0.05586490699657171,0.11096226840719622,0.03406300155539543
NAUS,VERAO,14,2020-01-15,0.046150751878006976,0.10954596828586742,0.03393321490724768
NAUS,VERAO,5,2020-01-08,0.11619787925595516,0.12034067136553114,0.035790823174046
NAUS,VERAO,16,2020-01-15,0.05266430626211833,0.09086290480114469,0.02738766264028454
NAUS,VERAO,31,2020-01-29,1.7921278278743489,5.443272383808136,0.521072791691677
NAUS,VERAO,11,2020-01-08,0.059945090126465775,0.10677330964559972,0.026348409612909997
NAUS,VERAO,17,2020-01-15,0.06567869223751911,0.07662607852521783,0.029029161761919726
NAUS,VERAO,19,2020-01-22,0.05255816311735041,0.07625031965294933,0.023448599268028957
NAUS,VERAO,13,2020-01-15,0.05664933193828087,0.07085226182543518,0.028707492796579855
NAUS,VERAO,9,2020-01-08,0.06505992121824121,0.10436618066173958,0.0342060962362122
NAUS,VERAO,7,2020-01-08,0.09792384009917887,0.09713964947044787,0.03686000800231634
POAL,VERAO,21,2020-01-22,0.11347167890898435,0.14522448809954558,0.10285803278931194
POAL,VERAO,29,2020-01-29,0.08001790351407273,0.10865601010279279,0.07345377494702278
POAL,VERAO,8,2020-01-08,0.09464108996697414,0.12811039452822617,0.0988937320383309
POAL,VERAO,31,2020-01-29,1.8255617779795554,4.719006309599237,3.2678061666567477
POAL,VERAO,6,2020-01-08,0.1052741834368978,0.13348053158430678,0.09219277801942352
POAL,VERAO,18,2020-01-15,0.08876967888503016,0.12731630636252103,0.0785336537050299
POAL,VERAO,14,2020-01-15,0.06883763069834735,0.10080760187443698,0.07160509469535833
POAL,VERAO,26,2020-01-29,0.11243692095977531,0.17094098887484357,0.11640313866629363
POAL,VERAO,16,2020-01-15,0.10941407499004385,0.16497390733127465,0.09952335478850421
POAL,VERAO,1,2020-01-01,0.09945959612914893,0.11366819748689795,0.08037352135085121
POAL,VERAO,17,2020-01-15,0.09116777447544662,0.13498578161460284,0.08635356798504978
POAL,VERAO,27,2020-01-29,0.07766513409024736,0.1427167024459183,0.09443999293007767
POAL,VERAO,19,2020-01-22,0.09897148063878336,0.12553939834393493,0.0881514816023255
POAL,VERAO,24,2020-01-22,0.06627597102736986,0.09338086074201521,0.06074195022199664
POAL,VERAO,25,2020-01-22,0.06548563608018379,0.09721201761848366,0.06293094777216689
POAL,VERAO,2,2020-01-01,0.12687523390723163,0.1830048426227093,0.0994125628545136
POAL,VERAO,12,2020-01-15,0.12832880757820786,0.16295781715276278,0.09594851569746782
POAL,VERAO,9,2020-01-08,0.11499343713358627,0.16126760005957252,0.09699772396739556
POAL,VERAO,28,2020-01-29,0.12572596962195529,0.16203849607901943,0.11880569508503029
POAL,VERAO,13,2020-01-15,0.09664105020314671,0.14141433969885828,0.08846714845967915
POAL,VERAO,20,2020-01-22,0.09835492008518809,0.13498667823395602,0.09480271216760217
POAL,VERAO,11,2020-01-08,0.11694342578878572,0.15717745331062646,0.09821862703331834
POAL,VERAO,3,2020-01-01,0.11402700949366748,0.15206210314486748,0.09024844667184688
POAL,VERAO,23,2020-01-22,0.14025517947813088,0.17623367820301258,0.11386914035383147
POAL,VERAO,22,2020-01-22,0.07859400404299166,0.15668454783202185,0.09981820394474238
POAL,VERAO,15,2020-01-15,0.14020315194126473,0.17543695351746302,0.11039014054223792
POAL,VERAO,7,2020-01-08,0.13488869138420434,0.1974183254587695,0.11867763196631959
POAL,VERAO,30,2020-01-29,0.08216451657248067,0.12811515434783372,0.08433036114632735
POAL,VERAO,4,2020-01-01,0.13096393911411255,0.19350400322738295,0.10992424112448058
POAL,VERAO,5,2020-01-08,0.12663198152540248,0.161356853924173,0.10608197819010742
POAL,VERAO,10,2020-01-08,0.15508199066344006,0.1736246946090313,0.1212166051565964
PERC,VERAO,28,2020-01-29,0.17965250659725057,0.14151382736128212,0.037668812410595304
PERC,VERAO,13,2020-01-15,0.2175393971364647,0.15285507548975846,0.04899138774724815
PERC,VERAO,2,2020-01-01,0.20279440545429342,0.1415991064559516,0.08215013284185751
PERC,VERAO,19,2020-01-22,0.24095220635087822,0.14455051513771985,0.04485619165132424
PERC,VERAO,27,2020-01-29,0.19524562774958293,0.14914885221668966,0.04036512711628279
PERC,VERAO,8,2020-01-08,0.21162069851768375,0.17011048534580414,0.04942473540010103
PERC,VERAO,23,2020-01-22,0.21304160336311215,0.138560154158878,0.04666880677195456
PERC,VERAO,4,2020-01-01,0.19946382792368492,0.15141631491996088,0.04054585559914928
PERC,VERAO,12,2020-01-15,0.19868928658893797,0.15588452470073752,0.03960289015224767
PERC,VERAO,18,2020-01-15,0.1982480362536374,0.1346481988680107,0.03465505403427704
PERC,VERAO,22,2020-01-22,0.25178972798139426,0.1842398414527497,0.05689768281973029
PERC,VERAO,9,2020-01-08,0.27454360548277135,0.18201391002691342,0.06002560269510871
PERC,VERAO,17,2020-01-15,0.23215451813571206,0.16100488579008954,0.04776886630457207
PERC,VERAO,6,2020-01-08,0.23503651743455717,0.1582288663982937,0.04725451967605317
PERC,VERAO,10,2020-01-08,0.2208055802036285,0.1713153459464423,0.05260769622175019
PERC,VERAO,24,2020-01-22,0.19320080983088647,0.13501045044442309,0.03859897527128516
PERC,VERAO,3,2020-01-01,0.19310372554689245,0.13338775583615559,0.036980123892944576
PERC,VERAO,15,2020-01-15,0.14201157602679476,0.1199907012417294,0.03787055667889977
PERC,VERAO,11,2020-01-08,0.18701427911893573,0.13757625423390218,0.034709211798841615
PERC,VERAO,29,2020-01-29,0.21699591368185814,0.14122193419119436,0.04422998236578992
PERC,VERAO,1,2020-01-01,0.18592771994062426,0.1416665530271794,0.032951407437112314
PERC,VERAO,20,2020-01-22,0.1686927623587841,0.11649773406631805,0.03547724282287537
PERC,VERAO,25,2020-01-22,0.19974370918027526,0.1405230274567833,0.03818227556055832
PERC,VERAO,16,2020-01-15,0.14269549048589994,0.11821603176268072,0.031873132372702465
PERC,VERAO,5,2020-01-08,0.19415022325378253,0.15212430407210797,0.03782840686649249
PERC,VERAO,30,2020-01-29,0.24546693522332957,0.16458616192021744,0.04843579295732056
PERC,VERAO,21,2020-01-22,0.23110419397056223,0.15787265674081996,0.049461721431505
PERC,VERAO,26,2020-01-29,0.18813675294223042,0.1430716190711159,0.036647258904295495
PERC,VERAO,31,2020-01-29,4.603432136283092,3.7639128403392337,1.8166548619492615
PERC,VERAO,14,2020-01-15,0.2185539509093662,0.18224257514086817,0.07009890997598885
PERC,VERAO,7,2020-01-08,0.23672162409059444,0.18538628075028227,0.06073223325345854
ONRJ,VERAO,20,2020-01-22,0.2576145262514292,0.24674130396188498,0.14957995571488872
ONRJ,VERAO,8,2020-01-08,0.32426867783733876,0.31412975483960565,0.19003959854019983
ONRJ,VERAO,14,2020-01-15,0.29318613296643453,0.3150890685232256,0.1816936751059949
ONRJ,VERAO,16,2020-01-15,0.28503426337594856,0.29285231647535664,0.16564727686017627
ONRJ,VERAO,21,2020-01-22,0.23251531450567126,0.20672605430858634,0.12489344159039706
ONRJ,VERAO,18,2020-01-15,0.2998962307611893,0.29168466822525935,0.17153927318478335
ONRJ,VERAO,31,2020-01-29,2.8726412325361506,4.242141490091878,3.0168836243450983
ONRJ,VERAO,17,2020-01-15,0.27587943670045434,0.25301538093061915,0.16124170764488677
ONRJ,VERAO,29,2020-01-29,0.26114169562631867,0.26327595811172244,0.16258945292663193
ONRJ,VERAO,22,2020-01-22,0.20901786589472504,0.20438047594485215,0.11745790814879566
ONRJ,VERAO,9,2020-01-08,0.2829046665260702,0.2832259450089627,0.1745994341759263
ONRJ,VERAO,25,2020-01-22,0.24689061989015104,0.2412760180313359,0.14328309379514462
ONRJ,VERAO,27,2020-01-29,0.35279321455007345,0.3531826604434772,0.23112855480389236
ONRJ,VERAO,4,2020-01-01,0.24889762116043515,0.28036456338808463,0.15655370923942866
ONRJ,VERAO,10,2020-01-08,0.33388076433795294,0.32526979408005363,0.18989115329961173
ONRJ,VERAO,28,2020-01-29,0.31858907557134464,0.3272138504693991,0.1987037729945867
ONRJ,VERAO,2,2020-01-01,0.24346702828419342,0.22429162948268122,0.1458224619935871
ONRJ,VERAO,26,2020-01-29,0.24044557957371934,0.22664167784261105,0.14059157466061578
ONRJ,VERAO,13,2020-01-15,0.35952044554747165,0.3506805566488501,0.21818512317020883
ONRJ,VERAO,7,2020-01-08,0.21469790389043705,0.25216314204395496,0.13991815623674062
ONRJ,VERAO,30,2020-01-29,0.25333396794913265,0.24971289098660396,0.1562951594366716
ONRJ,VERAO,11,2020-01-08,0.31324782161701664,0.31773260308637485,0.18663809361199096
ONRJ,VERAO,5,2020-01-08,0.25194136538274375,0.2705383583182415,0.14852044896067362
ONRJ,VERAO,1,2020-01-01,0.2269495096161699,0.22945302278093788,0.12960147134935607
ONRJ,VERAO,19,2020-01-22,0.24651828892003472,0.24637709023251556,0.13911413104122378
ONRJ,VERAO,6,2020-01-08,0.2779508824579742,0.2613167440897295,0.16369468574358056
ONRJ,VERAO,24,2020-01-22,0.31771468100384664,0.3136624814697654,0.185471240891984
ONRJ,VERAO,15,2020-01-15,0.2670288826776464,0.26853077572198697,0.14939475646597397
ONRJ,VERAO,12,2020-01-15,0.25533124518959277,0.2642256759767998,0.15136711779916576
ONRJ,VERAO,23,2020-01-22,0.26639928115688377,0.24974188624186955,0.1645339738080126
ONRJ,VERAO,3,2020-01-01,0.26417844120638045,0.2567035809067278,0.15934098991931073
SSA1,VERAO,16,2020-01-15,0.163675011813254,0.1365090747641328,0.04768919604811858
SSA1,VERAO,29,2020-01-29,0.13688544014392973,0.11849033691996272,0.04279839437722672
SSA1,VERAO,21,2020-01-22,0.0795099585590904,0.06224639798801189,0.039620233151684205
SSA1,VERAO,3,2020-01-01,0.14368300669608808,0.1368705904351231,0.045506431419441044
SSA1,VERAO,30,2020-01-29,0.1604339917791189,0.12030835303409096,0.04453946375966819
SSA1,VERAO,11,2020-01-08,0.14664181973432047,0.12659047286091757,0.04896027304203797
SSA1,VERAO,26,2020-01-29,0.14141502873162504,0.11214761027502378,0.046739092007086876
SSA1,VERAO,28,2020-01-29,0.14271399860804623,0.12631070950616335,0.043115077533209055
SSA1,VERAO,24,2020-01-22,0.1500499356056187,0.12165893851742103,0.039422478024628754
SSA1,VERAO,1,2020-01-01,0.16927785985325705,0.12647078102110595,0.04399389925918843
SSA1,VERAO,13,2020-01-15,0.09762995452978032,0.10569465345026742,0.05537215916420269
SSA1,VERAO,6,2020-01-08,0.14715669516023208,0.14489718167947757,0.03536770870140076
SSA1,VERAO,5,2020-01-08,0.12168451283177127,0.08226963594197387,0.030922113862728303
SSA1,VERAO,12,2020-01-15,0.12696913994476552,0.11356141970038806,0.04666551768836763
SSA1,VERAO,27,2020-01-29,0.07231859698168754,0.07258948284989163,0.03182032247163272
SSA1,VERAO,8,2020-01-08,0.11685331492395515,0.10129759256997964,0.03588620857542991
SSA1,VERAO,14,2020-01-15,0.09043371573184962,0.08123850490658067,0.047201192780145056
SSA1,VERAO,18,2020-01-15,0.09614776065513427,0.07576868839178381,0.034347945977158255
SSA1,VERAO,20,2020-01-22,0.12408833174456989,0.11106941929303275,0.05829783451885852
SSA1,VERAO,17,2020-01-15,0.13838938384197969,0.11741450170533152,0.040443528952433624
SSA1,VERAO,23,2020-01-22,0.19548303585521215,0.1485417115742064,0.05744048267038716
SSA1,VERAO,7,2020-01-08,0.16343034826775985,0.1353977709317079,0.04716284007398062
SSA1,VERAO,10,2020-01-08,0.1903550007444808,0.15538745465188777,0.05162625646512948
SSA1,VERAO,15,2020-01-15,0.13183609920332323,0.11409665289232569,0.047095109837131645
SSA1,VERAO,19,2020-01-22,0.14571979872973473,0.1222380847765347,0.044338945966995946
SSA1,VERAO,31,2020-01-29,4.215802219029559,4.266799771978141,2.425061207528355
SSA1,VERAO,2,2020-01-01,0.1291720550804347,0.1055952253665081,0.03921211329863398
SSA1,VERAO,22,2020-01-22,0.13490646085718694,0.11884840856192577,0.03880466525277123
SSA1,VERAO,25,2020-01-22,0.1523156592516653,0.12154933991530265,0.046412354642055086
SSA1,VERAO,9,2020-01-08,0.14629872290106802,0.11219432336089834,0.03966692231047615
SSA1,VERAO,4,2020-01-01,0.09176008191194214,0.07862173748736424,0.028679037072028617
SAGA,VERAO,29,2020-01-29,0.05622269292067677,0.1454998943867521,0.036665687700365025
SAGA,VERAO,28,2020-01-29,0.06430924647408622,0.17576771433241078,0.04169420177683293
SAGA,VERAO,26,2020-01-29,0.08864834040214035,0.23210369583386414,0.04633230199691982
SAGA,VERAO,15,2020-01-15,0.05011442754031093,0.15356149822906145,0.03574845797482422
SAGA,VERAO,4,2020-01-01,0.09568716482993254,0.20838494979819205,0.03166384307580961
SAGA,VERAO,31,2020-01-29,2.245904054364278,3.611480226959431,0.5485684558321757
SAGA,VERAO,24,2020-01-22,0.0537027470548347,0.1888254431277319,0.03440435657570471
SAGA,VERAO,30,2020-01-29,0.0637873269198914,0.15696700763779192,0.031632353833195515
SAGA,VERAO,23,2020-01-22,0.05645617644189076,0.16855111785822194,0.031299171459122
SAGA,VERAO,20,2020-01-22,0.0518574670813549,0.20647842873212763,0.04129159905813905
SAGA,VERAO,16,2020-01-15,0.07056435073400096,0.18188293687688598,0.03446951624263621
SAGA,VERAO,11,2020-01-08,0.07606646145644509,0.15653866043871073,0.0301764542248612
SAGA,VERAO,27,2020-01-29,0.07331259853207565,0.2041482110960924,0.03935984783417285
SAGA,VERAO,5,2020-01-08,0.11809575138057203,0.2223645497506701,0.04602173595762708
SAGA,VERAO,17,2020-01-15,0.08141949304367048,0.15337134463331958,0.03343739746625542
SAGA,VERAO,2,2020-01-01,0.10512447036135385,0.19516727605189388,0.031235721960358755
SAGA,VERAO,3,2020-01-01,0.08707786090882949,0.19578503150765617,0.03223181307806618
SAGA,VERAO,1,2020-01-01,0.08655703149298925,0.21674564672395272,0.034848037740591385
SAGA,VERAO,9,2020-01-08,0.06542265458008843,0.16552286528864046,0.038726109015039915
SAGA,VERAO,10,2020-01-08,0.07415713729672894,0.16162840174023538,0.03321472977921439
SAGA,VERAO,19,2020-01-22,0.053547149898340925,0.1746825997583827,0.03539912607796521
SAGA,VERAO,13,2020-01-15,0.07544115005879141,0.18439485878694747,0.033988056259974184
SAGA,VERAO,12,2020-01-15,0.09373543224846732,0.1757661717941814,0.03771970487371781
SAGA,VERAO,6,2020-01-08,0.07859934464444136,0.14690070435346556,0.033571286488846934
SAGA,VERAO,14,2020-01-15,0.055683476154079585,0.18314923865785962,0.035889132411516665
SAGA,VERAO,25,2020-01-22,0.08778138300126294,0.17647681106174348,0.04499085439470772
SAGA,VERAO,8,2020-01-08,0.08933600846667093,0.2073891430198946,0.03754446772755114
SAGA,VERAO,21,2020-01-22,0.05391924944136252,0.12006923524535829,0.03038503749334017
SAGA,VERAO,18,2020-01-15,0.057537249952599845,0.12104002350802273,0.03253186181699168
SAGA,VERAO,22,2020-01-22,0.05986929168414487,0.18513781755471664,0.0401803152295334
SAGA,VERAO,7,2020-01-08,0.09423627248685364,0.23103221641699548,0.04227507710748183
POLI,VERAO,28,2020-01-29,0.18187977004189962,0.16712163998322363,0.11000413994632165
POLI,VERAO,20,2020-01-22,0.2062784499904601,0.22220456795295476,0.16765821425907712
POLI,VERAO,21,2020-01-22,0.23098784157551044,0.22308637758049693,0.16834538172338886
POLI,VERAO,10,2020-01-08,0.21016197859603755,0.21141126151923093,0.15213115106345684
POLI,VERAO,31,2020-01-29,2.5312270351735875,4.066439410018499,2.8627806319539415
POLI,VERAO,30,2020-01-29,0.18190463710318158,0.19118780594072848,0.12273391602550543
POLI,VERAO,17,2020-01-15,0.17127438871082967,0.16436089301533996,0.12470308545341867
POLI,VERAO,4,2020-01-01,0.20002551051906214,0.18349575085549735,0.13633317848167015
POLI,VERAO,15,2020-01-15,0.14945783129152268,0.16578708794988925,0.12174108761941528
POLI,VERAO,5,2020-01-08,0.19459432816981956,0.13775058088262296,0.1112836037898985
POLI,VERAO,23,2020-01-22,0.2073465677377316,0.19319670373721576,0.1292428643598497
POLI,VERAO,27,2020-01-29,0.17915168564939968,0.16413964005714646,0.10673597192579809
POLI,VERAO,8,2020-01-08,0.1835936877085388,0.1751740926718087,0.12392601803751346
POLI,VERAO,22,2020-01-22,0.20507784647066984,0.17198286035500548,0.12015546153601844
POLI,VERAO,6,2020-01-08,0.22283961758430715,0.17207217416186116,0.11496639704365166
POLI,VERAO,3,2020-01-01,0.20196445881367975,0.1896471090851047,0.13195085564660877
POLI,VERAO,18,2020-01-15,0.1692328683500348,0.17512042983717635,0.12867311655820876
POLI,VERAO,11,2020-01-08,0.18946660387426756,0.1805334910745691,0.13367257889262002
POLI,VERAO,13,2020-01-15,0.2374772466019135,0.23070074827707462,0.14863573645961098
POLI,VERAO,9,2020-01-08,0.20903686125851578,0.179974740361327,0.1267186426525881
POLI,VERAO,24,2020-01-22,0.14016050134610725,0.14697136022360732,0.1062449655509028
POLI,VERAO,25,2020-01-22,0.17888001927522637,0.1820465528192736,0.11907368219765369
POLI,VERAO,19,2020-01-22,0.19411129917563308,0.19122205013885188,0.14062686156968177
POLI,VERAO,29,2020-01-29,0.15233409373941423,0.15037060024790724,0.1101535711780931
POLI,VERAO,16,2020-01-15,0.17877454147077074,0.16392253588322367,0.12754274005044378
POLI,VERAO,26,2020-01-29,0.17584473158019223,0.17791502295708078,0.12032940234754674
POLI,VERAO,12,2020-01-15,0.1983926845416672,0.1997649500222356,0.14514599213808474
POLI,VERAO,14,2020-01-15,0.1328850885681173,0.16361565268928774,0.12902918238082342
POLI,VERAO,2,2020-01-01,0.18107350920704543,0.140784312673492,0.10169114633918841
POLI,VERAO,1,2020-01-01,0.16571037925596988,0.1483619674233859,0.10773195562902022
POLI,VERAO,7,2020-01-08,0.19355471996224738,0.16420112081838759,0.11189211823051881
BRAZ,INVERNO,183,2020-07-01,0.13446836720743363,0.12389638597527212,0.06835143231389329
BRAZ,INVERNO,210,2020-07-29,0.13834696595424828,0.144568619788631,0.07304649872143891
BRAZ,INVERNO,185,2020-07-01,0.14192360210305655,0.1674759552494079,0.06697734424011545
BRAZ,INVERNO,196,2020-07-15,0.16920267807833814,0.15996478145730997,0.08775242538776303
BRAZ,INVERNO,203,2020-07-22,0.12381367441273176,0.12511629078207173,0.07369765951415028
BRAZ,INVERNO,187,2020-07-08,0.14563380041176546,0.13073843595465526,0.07017042468223421
BRAZ,INVERNO,202,2020-07-22,0.14403478347532833,0.16097382709092084,0.07491131500813963
BRAZ,INVERNO,193,2020-07-08,0.1408048072324111,0.14299329856274545,0.07068702533660516
BRAZ,INVERNO,206,2020-07-22,0.11084387175432402,0.1138597376332294,0.06843270172788096
BRAZ,INVERNO,207,2020-07-22,0.09887459284046521,0.11775941552009093,0.056758969793399956
BRAZ,INVERNO,204,2020-07-22,0.1070992907676407,0.12775954794796815,0.05946503511294526
BRAZ,INVERNO,208,2020-07-29,0.15165319853990786,0.17181422950014508,0.07794805291584912
BRAZ,INVERNO,186,2020-07-01,0.14861890502040515,0.13913976723705604,0.0638980551846595
BRAZ,INVERNO,195,2020-07-15,0.13632003759997852,0.1448219843107432,0.080895543157683
BRAZ,INVERNO,199,2020-07-15,0.16832888133238505,0.15233466221277323,0.08614799359553586
BRAZ,INVERNO,194,2020-07-15,0.13399714104832997,0.11821350716642176,0.0739998537240022
BRAZ,INVERNO,213,2020-07-29,2.427831628965688,4.169910595030217,1.7498436266053508
BRAZ,INVERNO,190,2020-07-08,0.1232947952713487,0.12376490787763139,0.04866971704044388
BRAZ,INVERNO,211,2020-07-29,0.15100169665180235,0.1501673787999674,0.08274870054274869
BRAZ,INVERNO,197,2020-07-15,0.15631126979675708,0.14305760011136004,0.0789614268347074
BRAZ,INVERNO,191,2020-07-08,0.1703669891007098,0.15221095978302285,0.08674770870830194
BRAZ,INVERNO,200,2020-07-15,0.13873840758318537,0.13169748603081244,0.07313847098236478
BRAZ,INVERNO,189,2020-07-08,0.12204675940914941,0.10729374761903988,0.05348227610300153
BRAZ,INVERNO,192,2020-07-08,0.14387030012125787,0.1469308861730792,0.07719919671178772
BRAZ,INVERNO,184,2020-07-01,0.13109381754841423,0.13259572911608938,0.05549999491672117
BRAZ,INVERNO,205,2020-07-22,0.14218373319405525,0.1384109057460959,0.08588644812413188
BRAZ,INVERNO,212,2020-07-29,0.14479214303237795,0.13949721305965862,0.07963410312534161
BRAZ,INVERNO,188,2020-07-08,0.13697849219920014,0.1233804360913631,0.05880507460905762
BRAZ,INVERNO,209,2020-07-29,0.16593828736661084,0.1672556852356069,0.07957637156498283
BRAZ,INVERNO,198,2020-07-15,0.16202030348448232,0.15254341144936304,0.08910316159521905
BRAZ,INVERNO,201,2020-07-22,0.13446921677216894,0.14213621212719918,0.06589941659368995
CUIB,INVERNO,195,2020-07-15,0.13196484283706938,0.22191693196516205,0.09138755185771373
CUIB,INVERNO,208,2020-07-29,0.1505818757363434,0.28483280688531193,0.10302189399502674
CUIB,INVERNO,197,2020-07-15,0.1530701659226681,0.2614620223797794,0.10940762189959025
CUIB,INVERNO,213,2020-07-29,2.670714154045567,4.643040002528292,1.8881233558943809
CUIB,INVERNO,202,2020-07-22,0.16682210923870663,0.3040418982497755,0.11102430840998018
CUIB,INVERNO,190,2020-07-08,0.12144588184200164,0.24458646975763382,0.09417331006313558
CUIB,INVERNO,189,2020-07-08,0.14523178916757434,0.26439751288471086,0.10119071293142161
CUIB,INVERNO,200,2020-07-15,0.12710763240460113,0.23741001026656458,0.09468147798392952
CUIB,INVERNO,206,2020-07-22,0.1619071914739033,0.2810487679136914,0.11113341839536611
CUIB,INVERNO,210,2020-07-29,0.13057796977569874,0.2470166060901189,0.0955250353607709
CUIB,INVERNO,185,2020-07-01,0.13155699027898737,0.2436795434811326,0.10409647874139727
CUIB,INVERNO,196,2020-07-15,0.12641498890598135,0.24774228138288595,0.09078907413645683
CUIB,INVERNO,203,2020-07-22,0.14780121427630344,0.27012322495307756,0.10164029873239111
CUIB,INVERNO,205,2020-07-22,0.14853941397716697,0.2673086186205743,0.0990411390056882
CUIB,INVERNO,201,2020-07-22,0.15098076727240042,0.26513210364730233,0.10285386310818317
CUIB,INVERNO,209,2020-07-29,0.1524358513273323,0.2646479514817571,0.10550757137945285
CUIB,INVERNO,193,2020-07-08,0.13547260548719087,0.23082705162289036,0.09165306421291519
CUIB,INVERNO,211,2020-07-29,0.12218602354864445,0.2569736928872654,0.09063934314945556
CUIB,INVERNO,183,2020-07-01,0.13580018510866537,0.25032127374174296,0.10113034603748496
CUIB,INVERNO,188,2020-07-08,0.13710290327584182,0.2541486853706908,0.10171292257095342
CUIB,INVERNO,191,2020-07-08,0.12798458387949366,0.2911147756955069,0.099756506764752
CUIB,INVERNO,192,2020-07-08,0.13527363249873023,0.23565160287734635,0.09711902720035699
CUIB,INVERNO,187,2020-07-08,0.12602792935760154,0.24545805628112974,0.09309529110993736
CUIB,INVERNO,207,2020-07-22,0.15711133150340179,0.27727551264835976,0.101210479665148
CUIB,INVERNO,186,2020-07-01,0.11987597717772006,0.23171138510604095,0.09560634424949127
CUIB,INVERNO,194,2020-07-15,0.15343210206635244,0.25822524539926894,0.10639038086259368
CUIB,INVERNO,198,2020-07-15,0.11354641460228077,0.22416792834210683,0.08553908666817049
CUIB,INVERNO,212,2020-07-29,0.12419093810024989,0.24152841951435658,0.0903272042783188
CUIB,INVERNO,199,2020-07-15,0.08661406564384336,0.17881414408834048,0.06615952140345441
CUIB,INVERNO,184,2020-07-01,0.12911190751091656,0.23720870829159565,0.09086840657383
CUIB,INVERNO,204,2020-07-22,0.11672805444917259,0.23520078503489794,0.08805526523489252
UFPR,INVERNO,212,2020-07-29,0.2797856488863601,0.26405440095838023,0.18074360279654617
UFPR,INVERNO,205,2020-07-22,0.26996424746114245,0.25684974850043035,0.16776403488016908
UFPR,INVERNO,197,2020-07-15,0.28231574511943697,0.2714996322890764,0.18546598416689472
UFPR,INVERNO,206,2020-07-22,0.25273593432229,0.2315144717126389,0.1509542945354813
UFPR,INVERNO,184,2020-07-01,0.24267233561237794,0.25896827213360957,0.1592954926413211
UFPR,INVERNO,211,2020-07-29,0.2338997671765667,0.2345353497522154,0.15876310987314846
UFPR,INVERNO,189,2020-07-08,0.28534579663665954,0.27515321365683665,0.1833573041793476
UFPR,INVERNO,185,2020-07-01,0.2579086008340089,0.25870936036677084,0.1645282348560303
UFPR,INVERNO,187,2020-07-08,0.2703805214511806,0.2760775426793455,0.17521585189440278
UFPR,INVERNO,193,2020-07-08,0.27167242096263244,0.25885383746125934,0.17897431178173293
UFPR,INVERNO,186,2020-07-01,0.2691315265253993,0.26763252012274064,0.1727774611214596
UFPR,INVERNO,202,2020-07-22,0.2744817236076798,0.2590848888560229,0.1692656300446564
UFPR,INVERNO,203,2020-07-22,0.28398167285906867,0.28814206445544605,0.2030995566314748
UFPR,INVERNO,195,2020-07-15,0.282991631245544,0.27376010242143667,0.1862923640778405
UFPR,INVERNO,210,2020-07-29,0.28800343667146255,0.2761596979119365,0.16467971115835486
UFPR,INVERNO,199,2020-07-15,0.2798275074572678,0.25377971409138733,0.1777849924036972
UFPR,INVERNO,208,2020-07-29,0.2790289931298582,0.269993917508823,0.17439386496860473
UFPR,INVERNO,192,2020-07-08,0.2783073587463713,0.2828539132896004,0.18340287986252096
UFPR,INVERNO,198,2020-07-15,0.30088362262597745,0.27837406375201496,0.18371072453843756
UFPR,INVERNO,188,2020-07-08,0.26128683165278455,0.2533794217306721,0.16190804476078316
UFPR,INVERNO,196,2020-07-15,0.30972569705081715,0.33619137338732985,0.2144750601464962
UFPR,INVERNO,209,2020-07-29,0.30700505624037405,0.28892391333992445,0.1765225455427946
UFPR,INVERNO,194,2020-07-15,0.25651103350281884,0.24630860052441175,0.17414692618179295
UFPR,INVERNO,201,2020-07-22,0.26796178775361434,0.256339865243804,0.19148832115531958
UFPR,INVERNO,190,2020-07-08,0.2632254619890476,0.2813697539404189,0.18900926890086592
UFPR,INVERNO,207,2020-07-22,0.25978541384869736,0.2372328244741095,0.1506557741119494
UFPR,INVERNO,191,2020-07-08,0.2856292695604567,0.26110560881619094,0.22849847559248232
UFPR,INVERNO,183,2020-07-01,0.24215553506773724,0.24216826801723274,0.1639283626955843
UFPR,INVERNO,204,2020-07-22,0.2887926235724924,0.26053749098042417,0.17010686867943123
UFPR,INVERNO,200,2020-07-15,0.2831080209597233,0.27685554506358034,0.18960608183162284
UFPR,INVERNO,213,2020-07-29,2.014187946164311,4.3793591451494125,2.706175008975171
NAUS,INVERNO,212,2020-07-29,0.0641924357941899,0.12496056071423664,0.03303754426788106
NAUS,INVERNO,213,2020-07-29,2.791700456202967,4.5950411810930225,0.6048459915562497
NAUS,INVERNO,203,2020-07-22,0.06600093217094095,0.13316099200768658,0.032799332600380225
NAUS,INVERNO,193,2020-07-08,0.09505317370283939,0.10285151731338286,0.04436152297265209
NAUS,INVERNO,186,2020-07-01,0.06068939520747577,0.1112032494106487,0.03230009712658808
NAUS,INVERNO,202,2020-07-22,0.07754281987131918,0.10796494656891405,0.041745624141539185
NAUS,INVERNO,185,2020-07-01,0.0736045089911965,0.0857238470333834,0.03241521675383034
NAUS,INVERNO,206,2020-07-22,0.07765178414526153,0.06346160884750042,0.04250059300480087
NAUS,INVERNO,205,2020-07-22,0.06506140952593079,0.1036586476097847,0.03742527638575686
NAUS,INVERNO,201,2020-07-22,0.06987338693783866,0.09450510048212815,0.03371448677190753
NAUS,INVERNO,195,2020-07-15,0.07972352588722091,0.11152317801826081,0.04941358444814868
NAUS,INVERNO,204,2020-07-22,0.08086657819942554,0.12982569732012553,0.02722610791028756
NAUS,INVERNO,189,2020-07-08,0.07029691410407553,0.10143485187666394,0.03882730712934612
NAUS,INVERNO,198,2020-07-15,0.08198017282790371,0.11304708985519314,0.04061387210435005
NAUS,INVERNO,192,2020-07-08,0.07411430366019761,0.07993902883159718,0.043214321233391535
NAUS,INVERNO,191,2020-07-08,0.06984186388302742,0.116700824804311,0.04369644378422295
NAUS,INVERNO,210,2020-07-29,0.07502959804421636,0.13336670410653823,0.03075058498567307
NAUS,INVERNO,200,2020-07-15,0.06278395250664756,0.10890099624309069,0.03585690312550983
NAUS,INVERNO,183,2020-07-01,0.06982524372610341,0.11728969925849428,0.03350526681277526
NAUS,INVERNO,207,2020-07-22,0.0639498849505286,0.08521835397254963,0.03399455255801257
NAUS,INVERNO,196,2020-07-15,0.06464863130583968,0.14120673679568255,0.033532935973687616
NAUS,INVERNO,190,2020-07-08,0.07333660814916773,0.14208817515896796,0.0368415096418426
NAUS,INVERNO,208,2020-07-29,0.07279061136908573,0.10896121208529576,0.028843338015853925
NAUS,INVERNO,187,2020-07-08,0.07070362408201053,0.11745021352317389,0.033768040986729614
NAUS,INVERNO,199,2020-07-15,0.06036614213745102,0.11165340047507354,0.032064802632663654
NAUS,INVERNO,209,2020-07-29,0.054171742635857646,0.12010457146991488,0.030713016251434837
NAUS,INVERNO,184,2020-07-01,0.05347800304649098,0.08076839458306766,0.032444317481260566
NAUS,INVERNO,197,2020-07-15,0.06185993576068091,0.09470377432535441,0.03366991295122419
NAUS,INVERNO,211,2020-07-29,0.05907801823812,0.11632830318985897,0.034843276681779944
NAUS,INVERNO,188,2020-07-08,0.08416837805910246,0.11019632692468462,0.035883330133903886
NAUS,INVERNO,194,2020-07-15,0.07192523796208904,0.0881978680296009,0.05233797501789216
POAL,INVERNO,200,2020-07-15,0.12353007793156234,0.23622495494141896,0.14204734264617302
POAL,INVERNO,183,2020-07-01,0.08573954350646107,0.18473939872381995,0.10915375188498473
POAL,INVERNO,205,2020-07-22,0.08922722453275075,0.1906829836416189,0.10438431622989376
POAL,INVERNO,185,2020-07-01,0.07629832743045359,0.17869655409204413,0.102571310249156
POAL,INVERNO,189,2020-07-08,0.1308333723328204,0.20573549877192046,0.1388881483951189
POAL,INVERNO,184,2020-07-01,0.0696076972959755,0.181118606375806,0.10770251374866095
POAL,INVERNO,207,2020-07-22,0.09539289003898037,0.19605923653733975,0.11259678336593323
POAL,INVERNO,209,2020-07-29,0.11319690185302977,0.2306264616219406,0.1435971304971312
POAL,INVERNO,206,2020-07-22,0.09084738184334977,0.16372652849602065,0.10444282465861547
POAL,INVERNO,187,2020-07-08,0.12084747341790472,0.21100536848945228,0.13392285640933171
POAL,INVERNO,203,2020-07-22,0.09625081604127002,0.19328255850294218,0.10747397790572492
POAL,INVERNO,210,2020-07-29,0.09596152100030567,0.1668801465668402,0.10494678320639235
POAL,INVERNO,202,2020-07-22,0.08666530301491149,0.1865142488481654,0.09920935517423582
POAL,INVERNO,193,2020-07-08,0.09734140615413563,0.2137857320191401,0.13314574617435182
POAL,INVERNO,204,2020-07-22,0.07666882822569927,0.1770824572194232,0.08462076672918523
POAL,INVERNO,192,2020-07-08,0.07143266439427604,0.1473524959923062,0.08109973031177574
POAL,INVERNO,211,2020-07-29,0.07998941071506925,0.17351301170592048,0.08926172599465006
POAL,INVERNO,208,2020-07-29,0.0798362450801206,0.18280824130315224,0.08464126227802386
POAL,INVERNO,195,2020-07-15,0.08143951014615455,0.18378973921661096,0.0945215318557498
POAL,INVERNO,191,2020-07-08,0.12270939218811688,0.1779300691338736,0.11663570657331121
POAL,INVERNO,198,2020-07-15,0.08948125785733327,0.20383462175987405,0.1130565179654914
POAL,INVERNO,196,2020-07-15,0.06255495838491933,0.1645663194656723,0.08483335932953814
POAL,INVERNO,186,2020-07-01,0.07703806311223173,0.175413363933323,0.09500639345653325
POAL,INVERNO,213,2020-07-29,1.9783163259717833,4.615408314587148,3.1529991235215413
POAL,INVERNO,199,2020-07-15,0.09950761982404596,0.21807809981865686,0.12686171148622188
POAL,INVERNO,194,2020-07-15,0.13075457446703798,0.23045187763090683,0.14886497422944814
POAL,INVERNO,188,2020-07-08,0.09864777053005949,0.1673907653675078,0.0974301933413991
POAL,INVERNO,190,2020-07-08,0.09132113100695453,0.20524143421733632,0.1238381112198292
POAL,INVERNO,201,2020-07-22,0.0842196065995405,0.19181213738529126,0.1024018685562204
POAL,INVERNO,212,2020-07-29,0.07292771207575288,0.15104697891196314,0.08410132766153462
POAL,INVERNO,197,2020-07-15,0.08349115621607142,0.1708299794654995,0.09206040138484693
PERC,INVERNO,202,2020-07-22,0.22389284513333893,0.19497670999912672,0.06385063012661546
PERC,INVERNO,204,2020-07-22,0.20239388061917601,0.1950154164494314,0.05989594595429787
PERC,INVERNO,185,2020-07-01,0.28198992242848087,0.2014505219970884,0.08778148045462687
PERC,INVERNO,184,2020-07-01,0.17998691395598257,0.14549537127836062,0.054812729342442
PERC,INVERNO,193,2020-07-08,0.2671419654656051,0.1721416653461767,0.07628563545605013
PERC,INVERNO,197,2020-07-15,0.19751194229357477,0.17020498875448017,0.0664850458032643
PERC,INVERNO,207,2020-07-22,0.19856328656645364,0.1813929390103505,0.05936705631599937
PERC,INVERNO,188,2020-07-08,0.1749732429425853,0.16339097154166993,0.06068818824756179
PERC,INVERNO,203,2020-07-22,0.20768069843612247,0.2032038526774822,0.06181220501992495
PERC,INVERNO,201,2020-07-22,0.23825685672036273,0.21264936512056226,0.07521017230706596
PERC,INVERNO,198,2020-07-15,0.2973144576707905,0.20464786198318038,0.08856879068417563
PERC,INVERNO,210,2020-07-29,0.17570380036678993,0.16347396178604115,0.058356010197114484
PERC,INVERNO,208,2020-07-29,0.24960826348934892,0.2241243657057037,0.07611662948900633
PERC,INVERNO,183,2020-07-01,0.1783822204770772,0.1456387240094848,0.05381068084023913
PERC,INVERNO,211,2020-07-29,0.24484153789493404,0.20255377686524512,0.07002378313245168
PERC,INVERNO,187,2020-07-08,0.2785715963556313,0.20698295362354385,0.08988939609847968
PERC,INVERNO,191,2020-07-08,0.2590481708471655,0.20929365716566048,0.08875296325792548
PERC,INVERNO,212,2020-07-29,0.1815108021624244,0.18041368204108477,0.05854939806480846
PERC,INVERNO,209,2020-07-29,0.2245997412182282,0.20340785948934062,0.07272611387197526
PERC,INVERNO,205,2020-07-22,0.2284071619603725,0.19110833158647164,0.06668789694274255
PERC,INVERNO,199,2020-07-15,0.28895262436130714,0.2059824288421868,0.08838518642412765
PERC,INVERNO,192,2020-07-08,0.2022510744993506,0.16237917068159016,0.06057406106993095
PERC,INVERNO,186,2020-07-01,0.1716529118682366,0.14593958867834164,0.0599187225790209
PERC,INVERNO,213,2020-07-29,4.303889908063002,3.0092850079551807,1.501497771173027
PERC,INVERNO,195,2020-07-15,0.24042066901595693,0.16507918701741248,0.06818421669291659
PERC,INVERNO,200,2020-07-15,0.2322328430772045,0.20348812487725093,0.06591795650457238
PERC,INVERNO,189,2020-07-08,0.21246584441896815,0.14919841394999211,0.05860925358729234
PERC,INVERNO,190,2020-07-08,0.24280624586518038,0.20233579235802554,0.07162219739474847
PERC,INVERNO,194,2020-07-15,0.2231810196964919,0.18029729723226257,0.06556733684535343
PERC,INVERNO,206,2020-07-22,0.2242447178309277,0.17997025456574986,0.06682118052035664
PERC,INVERNO,196,2020-07-15,0.2180330165382165,0.19114997129638578,0.059813214096123016
ONRJ,INVERNO,212,2020-07-29,0.26047745174598463,0.29533623073979864,0.17724280803017078
ONRJ,INVERNO,213,2020-07-29,2.831386592797289,3.8544724030612225,2.875935350667863
ONRJ,INVERNO,185,2020-07-01,0.2347024409382834,0.2684619719927866,0.1791678475289803
ONRJ,INVERNO,189,2020-07-08,0.24257388806599592,0.27468126805019333,0.17406800168594924
ONRJ,INVERNO,199,2020-07-15,0.22520168352617395,0.2701230742236604,0.15959119482145223
ONRJ,INVERNO,208,2020-07-29,0.26216473646659627,0.3247678123272609,0.18128305912643206
ONRJ,INVERNO,196,2020-07-15,0.28706562297696336,0.34121955400888704,0.19529088208322481
ONRJ,INVERNO,197,2020-07-15,0.25584615362814606,0.3042583010466654,0.18222651419405989
ONRJ,INVERNO,203,2020-07-22,0.24309692813661152,0.2707233626713285,0.15884932151079678
ONRJ,INVERNO,191,2020-07-08,0.29749524921039644,0.3045134030856987,0.1860621624151159
ONRJ,INVERNO,198,2020-07-15,0.2291508572287086,0.2852958623257994,0.16849414883011174
ONRJ,INVERNO,200,2020-07-15,0.24560482137837703,0.2951700770165131,0.1743136290171502
ONRJ,INVERNO,187,2020-07-08,0.1997271835132416,0.2458493794234929,0.14951226148169816
ONRJ,INVERNO,186,2020-07-01,0.23319013038905764,0.2779421609976732,0.17707674004285193
ONRJ,INVERNO,205,2020-07-22,0.20842770188874246,0.2590607476477991,0.14801445555457715
ONRJ,INVERNO,188,2020-07-08,0.21698688097177668,0.2627748911410216,0.15778561525802748
ONRJ,INVERNO,183,2020-07-01,0.2576931905736188,0.2591173102854108,0.16608046930930312
ONRJ,INVERNO,190,2020-07-08,0.1952885408905239,0.2363453659482561,0.14438594553006914
ONRJ,INVERNO,195,2020-07-15,0.22933825727255477,0.2685647183443574,0.15809476080911916
ONRJ,INVERNO,207,2020-07-22,0.21815380736370996,0.26755254822865515,0.14838206063066894
ONRJ,INVERNO,209,2020-07-29,0.23299371733913085,0.28737887590810635,0.16585126807312908
ONRJ,INVERNO,206,2020-07-22,0.20419650933544353,0.24089912966292634,0.1442046831438773
ONRJ,INVERNO,204,2020-07-22,0.21927042789772472,0.28170263123750056,0.1542558771261369
ONRJ,INVERNO,184,2020-07-01,0.222427968271031,0.24997284896510497,0.1560380001294113
ONRJ,INVERNO,211,2020-07-29,0.24425211678330075,0.31509034240541406,0.17413387585361867
ONRJ,INVERNO,201,2020-07-22,0.1989584694112715,0.24808578918096233,0.14423965812254624
ONRJ,INVERNO,192,2020-07-08,0.20600447847662615,0.24491723123043097,0.14697630229648745
ONRJ,INVERNO,210,2020-07-29,0.2095883156194365,0.24655553431725735,0.14609568082995
ONRJ,INVERNO,193,2020-07-08,0.214979133358664,0.25587990441616887,0.15772790270778392
ONRJ,INVERNO,194,2020-07-15,0.21582255625365918,0.2541528228635045,0.15966159098247829
ONRJ,INVERNO,202,2020-07-22,0.20708086974304132,0.250300055181181,0.14116767189634077
SSA1,INVERNO,194,2020-07-15,0.13752916968744136,0.13437968242277726,0.060863073957231076
SSA1,INVERNO,210,2020-07-29,0.1434612499906705,0.14939940987149639,0.06234498053181016
SSA1,INVERNO,201,2020-07-22,0.18892005104228543,0.20235095108898413,0.07880285595029274
SSA1,INVERNO,211,2020-07-29,0.15428010221714308,0.17269828609296725,0.07519969390644678
SSA1,INVERNO,195,2020-07-15,0.16093493081768462,0.17212488461703493,0.07998824714816248
SSA1,INVERNO,212,2020-07-29,0.1350497114669106,0.15278956101195976,0.05891423465117371
SSA1,INVERNO,193,2020-07-08,0.19365865828531917,0.16393631325009073,0.06734142893664652
SSA1,INVERNO,200,2020-07-15,0.13575856226059854,0.1548983616075709,0.05937790215233506
SSA1,INVERNO,188,2020-07-08,0.12653171172277058,0.110356314978375,0.05414788788228734
SSA1,INVERNO,184,2020-07-01,0.13692239862100666,0.11409441793394669,0.0559091609798898
SSA1,INVERNO,197,2020-07-15,0.21119888401532275,0.19602427329756483,0.08810415429099529
SSA1,INVERNO,203,2020-07-22,0.22589157397355056,0.2385646152636377,0.09078622580405683
SSA1,INVERNO,205,2020-07-22,0.17159398778692575,0.18196900882713088,0.0660029971265599
SSA1,INVERNO,199,2020-07-15,0.1696735656589556,0.1702303995240367,0.07748907492052064
SSA1,INVERNO,186,2020-07-01,0.14406298791058422,0.12249220124224118,0.06145728738208652
SSA1,INVERNO,192,2020-07-08,0.1895996125731641,0.18344714340026977,0.07475640159990957
SSA1,INVERNO,196,2020-07-15,0.21298046196555256,0.19601769964414464,0.08806027522502555
SSA1,INVERNO,185,2020-07-01,0.10490713938631485,0.11296700412164681,0.05008920899703728
SSA1,INVERNO,183,2020-07-01,0.14519222387552214,0.11220671564676904,0.053414687357568234
SSA1,INVERNO,204,2020-07-22,0.19041266189043,0.20003046486655476,0.0744394246603253
SSA1,INVERNO,189,2020-07-08,0.18178573286149166,0.16326566722370203,0.07496619222432042
SSA1,INVERNO,187,2020-07-08,0.1045143281032961,0.1059806636549604,0.04956601845992061
SSA1,INVERNO,190,2020-07-08,0.18801534028129074,0.15685352842107517,0.07448963466030223
SSA1,INVERNO,213,2020-07-29,3.896498473647632,4.069361621232072,2.0442022610765913
SSA1,INVERNO,207,2020-07-22,0.16740607152403328,0.18405203894148367,0.06545249406502168
SSA1,INVERNO,202,2020-07-22,0.16252286585627507,0.17254719453339737,0.06443145182940145
SSA1,INVERNO,209,2020-07-29,0.13114062160195045,0.1663810322138838,0.06611355570928257
SSA1,INVERNO,208,2020-07-29,0.18391374312227637,0.1971665535393852,0.08057825986571272
SSA1,INVERNO,198,2020-07-15,0.17235659966677408,0.16119329963445783,0.07131164907931237
SSA1,INVERNO,191,2020-07-08,0.24429690588413264,0.23876433092944352,0.10826913886321671
SSA1,INVERNO,206,2020-07-22,0.14877678987417253,0.1604999058998078,0.0667035036786499
SAGA,INVERNO,207,2020-07-22,0.08121831825846135,0.24315526382560737,0.03815137935293378
SAGA,INVERNO,210,2020-07-29,0.1017912123204198,0.28664785100836593,0.04071963378605458
SAGA,INVERNO,183,2020-07-01,0.08089778310405334,0.20398789000143724,0.04627424786649031
SAGA,INVERNO,203,2020-07-22,0.06964052480007682,0.21807551175250584,0.05966198049569376
SAGA,INVERNO,186,2020-07-01,0.08483349487605664,0.2263959844890889,0.05624284604180022
SAGA,INVERNO,184,2020-07-01,0.07456044674095308,0.24787030367621402,0.049641960455215225
SAGA,INVERNO,189,2020-07-08,0.08911784775915914,0.19297858279579772,0.042464081966702455
SAGA,INVERNO,201,2020-07-22,0.09224024005598157,0.24913220507449593,0.04490067402367846
SAGA,INVERNO,197,2020-07-15,0.09302550936015477,0.22599645119322476,0.046993383732153615
SAGA,INVERNO,187,2020-07-08,0.11819257603988248,0.25421128594260406,0.04374399722292089
SAGA,INVERNO,188,2020-07-08,0.09375810311171191,0.25443716833689833,0.049490362924624214
SAGA,INVERNO,185,2020-07-01,0.08294957983947684,0.22502498100295878,0.045979020823447916
SAGA,INVERNO,202,2020-07-22,0.08842500890081062,0.253468447131323,0.05147278707269216
SAGA,INVERNO,198,2020-07-15,0.08737922773679886,0.23294454716277196,0.04423109785399668
SAGA,INVERNO,199,2020-07-15,0.08153529842892435,0.22839718278114152,0.051351195806684326
SAGA,INVERNO,209,2020-07-29,0.06509978612992907,0.21976932321213818,0.04179041129677098
SAGA,INVERNO,193,2020-07-08,0.07965010601453125,0.22298054134116022,0.04485842268445195
SAGA,INVERNO,206,2020-07-22,0.2849774666686016,0.35956376987728833,0.17358662135830047
SAGA,INVERNO,200,2020-07-15,0.07838902033685576,0.23688955169175274,0.04675683838144032
SAGA,INVERNO,211,2020-07-29,0.09430800151162387,0.26037297960476585,0.04757615046452277
SAGA,INVERNO,192,2020-07-08,0.08742490897671273,0.21669232552247847,0.046685496781171086
SAGA,INVERNO,212,2020-07-29,0.09701400805622301,0.2707542493666469,0.03643464536169032
SAGA,INVERNO,191,2020-07-08,0.10493188152361893,0.29427471129513777,0.04976604945498305
SAGA,INVERNO,194,2020-07-15,0.08784283602336372,0.24330327560792683,0.051710480401407154
SAGA,INVERNO,190,2020-07-08,0.08288193645678259,0.21809942528266416,0.04376114390179583
SAGA,INVERNO,196,2020-07-15,0.1031776051121474,0.27074401327419806,0.045038287654736726
SAGA,INVERNO,195,2020-07-15,0.07171102619280223,0.20143699802430368,0.05387810813426058
SAGA,INVERNO,204,2020-07-22,0.07343274049285574,0.24181000385549406,0.051604457609233365
SAGA,INVERNO,208,2020-07-29,0.08035155874851614,0.2481570440620403,0.04244312953120201
SAGA,INVERNO,213,2020-07-29,1.860975511832904,4.04136523275596,0.5754529762615346
SAGA,INVERNO,205,2020-07-22,0.07773570849370143,0.2597582837965536,0.05402552904135586
POLI,INVERNO,183,2020-07-01,0.1676594967160381,0.15577929519332498,0.1041442437739752
POLI,INVERNO,191,2020-07-08,0.19104532121142936,0.17841338981988078,0.130821979397401
POLI,INVERNO,184,2020-07-01,0.1814654285195153,0.1860925527133054,0.11616571487920674
POLI,INVERNO,212,2020-07-29,0.1748110947708621,0.15644237298662217,0.10446551351829503
POLI,INVERNO,189,2020-07-08,0.18988220995999247,0.17717989732044978,0.11952113296457449
POLI,INVERNO,196,2020-07-15,0.1876592036050199,0.16517820725556023,0.11152740298358027
POLI,INVERNO,202,2020-07-22,0.17814429010800226,0.17399850768723366,0.10098151011290965
POLI,INVERNO,203,2020-07-22,0.1844634627339782,0.17780529446114957,0.10754812449565825
POLI,INVERNO,199,2020-07-15,0.20856474946235168,0.18158342702279642,0.11707099907934732
POLI,INVERNO,213,2020-07-29,2.4196875680421637,3.987125894096526,2.663846374491917
POLI,INVERNO,197,2020-07-15,0.20976213934619706,0.17923760251805498,0.12367234399820211
POLI,INVERNO,210,2020-07-29,0.18938789711931653,0.17471659454239552,0.10565105863328106
POLI,INVERNO,185,2020-07-01,0.1502939782801438,0.14504605880317992,0.08550391429645467
POLI,INVERNO,187,2020-07-08,0.1563729064200693,0.1342005242723282,0.08760330386695371
POLI,INVERNO,207,2020-07-22,0.17330796287364955,0.1541494990601696,0.08668260017587139
POLI,INVERNO,206,2020-07-22,0.1494296320716958,0.1196554163496465,0.09261517670417976
POLI,INVERNO,195,2020-07-15,0.1637444020240016,0.1563265547745672,0.10390063491735227
POLI,INVERNO,211,2020-07-29,0.16289829282959772,0.1623296915820805,0.11569996790965358
POLI,INVERNO,208,2020-07-29,0.18712857306429784,0.15852366130610243,0.10013105193599733
POLI,INVERNO,193,2020-07-08,0.1461340190935377,0.14503134915891236,0.0841222394726949
POLI,INVERNO,205,2020-07-22,0.1810205668569459,0.16490681156698533,0.10046969583144846
POLI,INVERNO,194,2020-07-15,0.14561191689850358,0.15005173084620918,0.09867393708339656
POLI,INVERNO,198,2020-07-15,0.20721547725349657,0.17734831034647472,0.1202237632839421
POLI,INVERNO,209,2020-07-29,0.19019688441251814,0.15054012796037475,0.09149253942940502
POLI,INVERNO,186,2020-07-01,0.1846517895864172,0.18298062941937043,0.11257462171102586
POLI,INVERNO,188,2020-07-08,0.18880953182007415,0.2001887284910636,0.12003786653709202
POLI,INVERNO,200,2020-07-15,0.19325008079634823,0.16862091424343192,0.11656123149459269
POLI,INVERNO,192,2020-07-08,0.19740727155570514,0.20410619905964833,0.12825360762293683
POLI,INVERNO,201,2020-07-22,0.17758542900034965,0.1579749825443869,0.10629187750554833
POLI,INVERNO,190,2020-07-08,0.15550413824237103,0.1266115663645017,0.09080386275577543
POLI,INVERNO,204,2020-07-22,0.19887958009128415,0.16665353251761914,0.10744356998859608
