Estacao,Periodo,DOY,DataReferencia,RMSE_E,RMSE_N,RMSE_U
BRAZ,VERAO,1,2020-01-01,0.21831782987464018,0.20846166307365327,0.1279104993933068
BRAZ,VERAO,4,2020-01-01,0.1988901220071026,0.2222747814757287,0.14315018447058106
BRAZ,VERAO,30,2020-01-29,0.2958856141859089,0.23122559299126394,0.13583341346600764
BRAZ,VERAO,13,2020-01-15,0.14777465502562495,0.1664982494775293,0.11387999730696163
BRAZ,VERAO,22,2020-01-22,0.27503015409817483,0.2507102891826633,0.17632554730661962
BRAZ,VERAO,17,2020-01-15,0.20352586748349624,0.1937125016721768,0.1379231117060894
BRAZ,VERAO,12,2020-01-15,0.18474787206940393,0.19258282913084837,0.12377833802375883
BRAZ,VERAO,5,2020-01-08,0.16722898978179476,0.15105658271668948,0.1136273458913104
BRAZ,VERAO,15,2020-01-15,0.17965568604702922,0.19501433439599036,0.12742525541316777
BRAZ,VERAO,11,2020-01-08,0.18345391538321026,0.21529253856518615,0.1267406458004647
BRAZ,VERAO,19,2020-01-22,0.2139111181310244,0.1869772162235512,0.13059252116215883
BRAZ,VERAO,7,2020-01-08,0.21236383675455855,0.23671090844120476,0.1390179002050144
BRAZ,VERAO,21,2020-01-22,0.2069190537238304,0.1800063187218152,0.1497009173923673
BRAZ,VERAO,3,2020-01-01,0.2089340146592667,0.253067999522808,0.13314281257993243
BRAZ,VERAO,16,2020-01-15,0.16342883288148188,0.20274559377800505,0.13824314091633014
BRAZ,VERAO,14,2020-01-15,0.1632209235676582,0.18998162469124566,0.12435078340040073
BRAZ,VERAO,28,2020-01-29,0.1953003133507209,0.21734874688825392,0.10799005475098383
BRAZ,VERAO,23,2020-01-22,0.1722763784883169,0.1878609446331955,0.12835288525924504
BRAZ,VERAO,20,2020-01-22,0.22437708286337768,0.17334891039292968,0.11890884026392638
BRAZ,VERAO,2,2020-01-01,0.2362273876748224,0.31154506358054207,0.15163710221645857
BRAZ,VERAO,31,2020-01-29,2.534357709032248,4.402527243286833,1.7572131692633939
BRAZ,VERAO,26,2020-01-29,0.1688875523719286,0.19811421290909356,0.09907736308304432
BRAZ,VERAO,6,2020-01-08,0.24431382765777176,0.21915436400493502,0.11580312389244032
BRAZ,VERAO,9,2020-01-08,0.20137510705764256,0.18928354937127198,0.12564704509333213
BRAZ,VERAO,27,2020-01-29,0.1711889733000849,0.2007253497429765,0.12280733220958714
BRAZ,VERAO,29,2020-01-29,0.17486828944246097,0.24286697334778962,0.11333928137184635
BRAZ,VERAO,24,2020-01-22,0.1941568742820863,0.195893123525092,0.11656311266244583
BRAZ,VERAO,18,2020-01-15,0.22155884137756432,0.19980807166800485,0.12299646161087167
BRAZ,VERAO,10,2020-01-08,0.2593689384854791,0.3021745067743058,0.17292698967253403
BRAZ,VERAO,8,2020-01-08,0.17242593203310352,0.1514984696939017,0.11060064863604759
BRAZ,VERAO,25,2020-01-22,0.2156945830896436,0.1957344758298184,0.1065088161595673
CUIB,VERAO,23,2020-01-22,0.13254068540261899,0.29925879650297954,0.1375396688946822
CUIB,VERAO,21,2020-01-22,0.11626710865449243,0.2336919199634452,0.09008492948399544
CUIB,VERAO,4,2020-01-01,0.19205075989540543,0.25002632098578015,0.10484797705661034
CUIB,VERAO,15,2020-01-15,0.12959665484471833,0.28697067660877784,0.09960849064483299
CUIB,VERAO,16,2020-01-15,0.10337635335759235,0.2630254251920108,0.09536472510199895
CUIB,VERAO,2,2020-01-01,0.1292987074879105,0.22610118506961893,0.07983319220509873
CUIB,VERAO,5,2020-01-08,0.13030260442036792,0.33906943918753224,0.12656308838579897
CUIB,VERAO,12,2020-01-15,0.11841720104381423,0.2347944182984467,0.08198384480443333
CUIB,VERAO,7,2020-01-08,0.11886273313609344,0.21731487983314338,0.0844970343327609
CUIB,VERAO,31,2020-01-29,1.6982095360231464,4.98040941468666,1.4924004158994042
CUIB,VERAO,25,2020-01-22,0.11212014397612068,0.18909254060371278,0.0817069303256031
CUIB,VERAO,1,2020-01-01,0.10268492250747797,0.21456648338502235,0.07480357486899138
CUIB,VERAO,14,2020-01-15,0.149267623435057,0.29622478018229015,0.11113085073213892
CUIB,VERAO,17,2020-01-15,0.07339192948657475,0.1924338862886686,0.0479854059095353
CUIB,VERAO,24,2020-01-22,0.18316683603948036,0.25714932183013944,0.13281035966138935
CUIB,VERAO,22,2020-01-22,0.12699538925678205,0.2557201383771881,0.08731019810509698
CUIB,VERAO,27,2020-01-29,0.15957134279056306,0.315274308268309,0.14750053876840963
CUIB,VERAO,6,2020-01-08,0.15842697624936258,0.27991953319252705,0.10319611554438876
CUIB,VERAO,8,2020-01-08,0.11652367947462021,0.18885638581101688,0.07661931631878574
CUIB,VERAO,11,2020-01-08,0.11541670689297308,0.2541591966638053,0.08447541250553646
CUIB,VERAO,30,2020-01-29,0.15874780344109615,0.23784138806771776,0.10066155522550078
CUIB,VERAO,28,2020-01-29,0.10158824373003705,0.19816460275847922,0.05669430932186736
CUIB,VERAO,20,2020-01-22,0.09594520952942578,0.18775187856781544,0.07229029197121077
CUIB,VERAO,10,2020-01-08,0.14379228783866058,0.26706259384305464,0.09228672294153047
CUIB,VERAO,9,2020-01-08,0.11425364287216759,0.2441521623961582,0.07491729210124111
CUIB,VERAO,3,2020-01-01,0.15663338219699477,0.27002398660066756,0.08313716451031175
CUIB,VERAO,19,2020-01-22,0.11882444062467701,0.25976185977741284,0.09156536157294504
CUIB,VERAO,26,2020-01-29,0.16301653849716422,0.24153899755209107,0.10602879661723266
CUIB,VERAO,18,2020-01-15,0.1376073859963696,0.23349784200965115,0.08951333708208824
CUIB,VERAO,29,2020-01-29,0.15637667660607532,0.24969647291621577,0.09308204299717805
CUIB,VERAO,13,2020-01-15,0.10438405430147464,0.25576294327876303,0.08616706884513321
UFPR,VERAO,13,2020-01-15,0.25392819191407423,0.3126974163655085,0.227992105293108
UFPR,VERAO,27,2020-01-29,0.2872163560267472,0.23307373420059715,0.16764751186755147
UFPR,VERAO,12,2020-01-15,0.25361561140901573,0.34270890339138577,0.24981975085772024
UFPR,VERAO,26,2020-01-29,0.29747124894144633,0.2697358588159044,0.17780504751586054
UFPR,VERAO,14,2020-01-15,0.2549261921248005,0.287168716172916,0.21665207090271907
UFPR,VERAO,31,2020-01-29,1.9048352352039402,4.272511925300945,2.9242959793113124
UFPR,VERAO,4,2020-01-01,0.25030397504295104,0.2720495061065043,0.20842698042274058
UFPR,VERAO,1,2020-01-01,0.2869075152058875,0.28327893619199024,0.20031051218355164
UFPR,VERAO,30,2020-01-29,0.2977150547296289,0.27727871013407784,0.19342623153024804
UFPR,VERAO,28,2020-01-29,0.3151741473940403,0.2674622120021791,0.18555401113093456
UFPR,VERAO,3,2020-01-01,0.25418142691276,0.282880906381229,0.19788238148891746
UFPR,VERAO,5,2020-01-08,0.3012550762298691,0.31574791936697555,0.22653517326671965
UFPR,VERAO,20,2020-01-22,0.3233257454253376,0.33815028529373103,0.24550483011130192
UFPR,VERAO,17,2020-01-15,0.2792689322009513,0.27825879803510617,0.20972026099023408
UFPR,VERAO,23,2020-01-22,0.2960185953341126,0.3005296472011788,0.2055447344569402
UFPR,VERAO,21,2020-01-22,0.34187918061840744,0.32034811743152863,0.23792683048198726
UFPR,VERAO,2,2020-01-01,0.2628580907819761,0.26963281222598856,0.18565315965608506
UFPR,VERAO,29,2020-01-29,0.3198550045616652,0.2932091719681357,0.20859767334913776
UFPR,VERAO,25,2020-01-22,0.2948154145391309,0.2912180022897053,0.20260850473619046
UFPR,VERAO,19,2020-01-22,0.29725087620284024,0.30373594782216723,0.22200548053257121
UFPR,VERAO,10,2020-01-08,0.21628120414889537,0.22723795223869628,0.18204507569377495
UFPR,VERAO,18,2020-01-15,0.27701512079270474,0.2903644914633812,0.21428981624635854
UFPR,VERAO,11,2020-01-08,0.23522323203396894,0.24993478153430784,0.19088877218560948
UFPR,VERAO,8,2020-01-08,0.2676151410293531,0.2752041833624737,0.23079117620550912
UFPR,VERAO,22,2020-01-22,0.30456615648391316,0.27557615388287066,0.22272709893823456
UFPR,VERAO,6,2020-01-08,0.3478654225827046,0.25640350526884004,0.2176171682558305
UFPR,VERAO,24,2020-01-22,0.3021217374198486,0.2578525863377823,0.19502134911632032
UFPR,VERAO,15,2020-01-15,0.2633373355282896,0.25939692444253915,0.2201894990949921
UFPR,VERAO,16,2020-01-15,0.3301371181605593,0.3161940162148364,0.24035582275880055
UFPR,VERAO,9,2020-01-08,0.2709582100644507,0.299014555292694,0.21807085165775117
UFPR,VERAO,7,2020-01-08,0.25484019403604724,0.25986507751559756,0.19163056165133383
NAUS,VERAO,1,2020-01-01,0.14732440719216985,0.1397904781065499,0.04819279089543233
NAUS,VERAO,10,2020-01-08,0.10131900169619018,0.10678831991828554,0.05040754933684815
NAUS,VERAO,4,2020-01-01,0.0951193977041626,0.12218220563729583,0.05790609370465575
NAUS,VERAO,12,2020-01-15,0.11758117684100663,0.1326504466724484,0.03579860349869689
NAUS,VERAO,8,2020-01-08,0.10627582792399362,0.10165269035758899,0.04255486952009657
NAUS,VERAO,20,2020-01-22,0.0752183302992595,0.21431269869457795,0.06638084356454997
NAUS,VERAO,28,2020-01-29,0.11427603244428627,0.21836261122782938,0.049858521066673336
NAUS,VERAO,18,2020-01-15,0.08355811460971536,0.10437684184083941,0.038063843918953025
NAUS,VERAO,23,2020-01-22,0.09498864071225048,0.12349135522069754,0.04736974199759951
NAUS,VERAO,26,2020-01-29,0.0976184803537193,0.19528486530984368,0.06336213864146267
NAUS,VERAO,29,2020-01-29,0.10858878476057277,0.16447197080299786,0.033333868839798324
NAUS,VERAO,2,2020-01-01,0.12253333692409926,0.13075185979587425,0.045481465574025985
NAUS,VERAO,24,2020-01-22,0.08920884801645808,0.2182597965063909,0.04852702666183455
NAUS,VERAO,22,2020-01-22,0.095700110173848,0.24518543882050564,0.055493346985704274
NAUS,VERAO,30,2020-01-29,0.1483583403032078,0.15076379406648013,0.0357755023845008
NAUS,VERAO,27,2020-01-29,0.1251557714280823,0.1393355680949554,0.0629098152287698
NAUS,VERAO,21,2020-01-22,0.10459286472665467,0.24584613438643388,0.05619848976689343
NAUS,VERAO,3,2020-01-01,0.13840339041218896,0.14833911896755758,0.060312498120418195
NAUS,VERAO,6,2020-01-08,0.1048750400156215,0.15446883519148913,0.05227511880446559
NAUS,VERAO,15,2020-01-15,0.08149951063418269,0.14698353381801466,0.05677066837157611
NAUS,VERAO,25,2020-01-22,0.09543398133184547,0.14649257411519126,0.048236432806884444
NAUS,VERAO,14,2020-01-15,0.08882791568578445,0.17078260907731865,0.052278358794656955
NAUS,VERAO,5,2020-01-08,0.12631139690111046,0.15184558519231467,0.05386238487169407
NAUS,VERAO,16,2020-01-15,0.07631739149125051,0.15166127807892715,0.03291487692898944
NAUS,VERAO,31,2020-01-29,1.0321349114816532,5.709769114782058,0.3593308846459299
NAUS,VERAO,11,2020-01-08,0.10919961045303958,0.10915868007617069,0.04393372000827792
NAUS,VERAO,17,2020-01-15,0.10211416374281358,0.10550592057012675,0.03802860431073345
NAUS,VERAO,19,2020-01-22,0.09226344329466556,0.1365460215354627,0.04027688233566069
NAUS,VERAO,13,2020-01-15,0.09415235871929642,0.10969651445090216,0.036856815044633215
NAUS,VERAO,9,2020-01-08,0.12068430586699527,0.11491282299009788,0.05081248395351541
NAUS,VERAO,7,2020-01-08,0.11615634602748447,0.14821494847456718,0.04709836933682774
POAL,VERAO,21,2020-01-22,0.32542866122873476,0.2233190383366728,0.14932893355010832
POAL,VERAO,29,2020-01-29,0.1360287591499122,0.16220298705447425,0.09756620926079655
POAL,VERAO,8,2020-01-08,0.1537395234565736,0.17234867181480532,0.12672774795336725
POAL,VERAO,31,2020-01-29,1.7901780281671806,4.189227696137034,3.321633151804364
POAL,VERAO,6,2020-01-08,0.1975200933785831,0.15209439752961754,0.11571015457913159
POAL,VERAO,18,2020-01-15,0.14638736365233387,0.19591965751142676,0.10811496887225407
POAL,VERAO,14,2020-01-15,0.1052873076847152,0.14748000187480925,0.08538046288309432
POAL,VERAO,26,2020-01-29,0.17974099100195948,0.20389575463382448,0.12809032405642193
POAL,VERAO,16,2020-01-15,0.17936099223490606,0.20644274711487148,0.13531845446871654
POAL,VERAO,1,2020-01-01,0.13886120152403097,0.1584808804392816,0.09075128443026487
POAL,VERAO,17,2020-01-15,0.13258188992642517,0.17213167349136604,0.10085467498286703
POAL,VERAO,27,2020-01-29,0.16784389631110483,0.17774715058058402,0.11686977560076806
POAL,VERAO,19,2020-01-22,0.17352113437442565,0.17993717559679592,0.11300208902053195
POAL,VERAO,24,2020-01-22,0.1072349424339951,0.15650979917031604,0.08658589756457633
POAL,VERAO,25,2020-01-22,0.16273165916771937,0.15824727441979225,0.09542174380318559
POAL,VERAO,2,2020-01-01,0.18227817558945686,0.23124660862591748,0.1430571779291797
POAL,VERAO,12,2020-01-15,0.17011909317011253,0.22162098162682625,0.12581476897510804
POAL,VERAO,9,2020-01-08,0.16368746067421114,0.18389743664463604,0.11951862522717795
POAL,VERAO,28,2020-01-29,0.21556632457313155,0.20937339412141193,0.14346396268040104
POAL,VERAO,13,2020-01-15,0.14062837813653187,0.1990142173996611,0.11249238813760219
POAL,VERAO,20,2020-01-22,0.30018463427959385,0.20788354366867404,0.1502948832507065
POAL,VERAO,11,2020-01-08,0.1683888159858574,0.2109160186969606,0.13735203033276394
POAL,VERAO,3,2020-01-01,0.18223671735709868,0.20018998448654893,0.1262954375660982
POAL,VERAO,23,2020-01-22,0.2609724538074375,0.2537859270966438,0.1531716377015349
POAL,VERAO,22,2020-01-22,0.3377077462264907,0.23224915340548946,0.1623363527703762
POAL,VERAO,15,2020-01-15,0.17129539454915255,0.24647437763677635,0.14250986857939063
POAL,VERAO,7,2020-01-08,0.18989792785536375,0.23337942055152233,0.15763903757633066
POAL,VERAO,30,2020-01-29,0.16907485503643963,0.16156382455148385,0.1088524902714234
POAL,VERAO,4,2020-01-01,0.17969142560649534,0.2505361882605234,0.1551010265188417
POAL,VERAO,5,2020-01-08,0.16588066376599528,0.20329000907707448,0.13371718379960887
POAL,VERAO,10,2020-01-08,0.1825587224147411,0.2367404917438127,0.15082564061008666
PERC,VERAO,28,2020-01-29,0.24882045566736147,0.1611796698885412,0.038465441798244925
PERC,VERAO,13,2020-01-15,0.22533725654834788,0.1917687757675346,0.06567868090620535
PERC,VERAO,2,2020-01-01,0.3164272319819206,0.2496512845770128,0.1482116883554765
PERC,VERAO,19,2020-01-22,0.2679899778312072,0.2080331824054804,0.04801377485724341
PERC,VERAO,27,2020-01-29,0.2578298280935555,0.17385298441669383,0.047277545920416705
PERC,VERAO,8,2020-01-08,0.23465806927706961,0.231110254613241,0.048356165949720004
PERC,VERAO,23,2020-01-22,0.22961176190542343,0.17704235017884543,0.05021423670779328
PERC,VERAO,4,2020-01-01,0.21428220305127454,0.18155017898963188,0.05501530129373796
PERC,VERAO,12,2020-01-15,0.2023011244420571,0.18386150233353635,0.05184012562780581
PERC,VERAO,18,2020-01-15,0.21368905319543605,0.17834714943179988,0.04650502355792148
PERC,VERAO,22,2020-01-22,0.2663695257959307,0.23804259510007608,0.06797031510841933
PERC,VERAO,9,2020-01-08,0.2943648817485398,0.2653037073629126,0.064723235858743
PERC,VERAO,17,2020-01-15,0.24886037113326748,0.20264038419481598,0.05804192975775551
PERC,VERAO,6,2020-01-08,0.2751554013072071,0.21186619254891323,0.04752976206160018
PERC,VERAO,10,2020-01-08,0.24029146232720072,0.2285713331472275,0.05020434438687631
PERC,VERAO,24,2020-01-22,0.21838565848956773,0.15910237306538014,0.05065815912517576
PERC,VERAO,3,2020-01-01,0.2622259878568231,0.16808347700477638,0.03868302084508714
PERC,VERAO,15,2020-01-15,0.15857785991223872,0.1522362262074536,0.0367468120037206
PERC,VERAO,11,2020-01-08,0.1933158703399039,0.1632274142483541,0.05699128742530029
PERC,VERAO,29,2020-01-29,0.2877452911567152,0.16829647638779338,0.05894823501344511
PERC,VERAO,1,2020-01-01,0.31002488165985087,0.25566943002758824,0.04041164726176457
PERC,VERAO,20,2020-01-22,0.1840029545910061,0.14645077507715917,0.04393270479659557
PERC,VERAO,25,2020-01-22,0.22596203815689664,0.18086715307037318,0.06978448853295491
PERC,VERAO,16,2020-01-15,0.15839453276767151,0.13220847690665252,0.07318803272793167
PERC,VERAO,5,2020-01-08,0.31356045050773335,0.21292005521153,0.049711933735135126
PERC,VERAO,30,2020-01-29,0.3022602245829447,0.18206237594778327,0.0648943703269609
PERC,VERAO,21,2020-01-22,0.2554912193361342,0.20277943481911304,0.0609374942925672
PERC,VERAO,26,2020-01-29,0.27203987841818084,0.17510082458669732,0.05102229376120385
PERC,VERAO,31,2020-01-29,4.6299062703299425,3.758509187499732,1.5286371527556484
PERC,VERAO,14,2020-01-15,0.24008094042633113,0.22935126798128966,0.09384721772590474
PERC,VERAO,7,2020-01-08,0.2349241153152995,0.2529331313454694,0.06237972947257976
ONRJ,VERAO,20,2020-01-22,0.2872152056375907,0.3104823394449572,0.17112063548524575
ONRJ,VERAO,8,2020-01-08,0.32847069563704157,0.3915240683308751,0.21010616250945272
ONRJ,VERAO,14,2020-01-15,0.34032510904260427,0.40505322293470136,0.23970055551221187
ONRJ,VERAO,16,2020-01-15,0.28378721042133404,0.3618070359132612,0.18549331972345445
ONRJ,VERAO,21,2020-01-22,0.2551880308006013,0.245596935028053,0.14387336552543145
ONRJ,VERAO,18,2020-01-15,0.3333128800892455,0.3634800236919671,0.1927943190513507
ONRJ,VERAO,31,2020-01-29,2.237756389236392,3.644163114286009,2.419713326232096
ONRJ,VERAO,17,2020-01-15,0.2984982950162854,0.27722707882465736,0.18226462814267622
ONRJ,VERAO,29,2020-01-29,0.3401172694893485,0.31987242664844445,0.18822370471724173
ONRJ,VERAO,22,2020-01-22,0.2204514764300466,0.25342884638666524,0.13225704634065694
ONRJ,VERAO,9,2020-01-08,0.3069848461800187,0.3299685814092191,0.19772772366433228
ONRJ,VERAO,25,2020-01-22,0.27559165138819786,0.2999776618913804,0.16217196281633187
ONRJ,VERAO,27,2020-01-29,0.3804108619516986,0.41610284351708027,0.24816357758558552
ONRJ,VERAO,4,2020-01-01,0.3197882551337794,0.38303433745823506,0.1757557316326142
ONRJ,VERAO,10,2020-01-08,0.4014539075819989,0.4130030806147333,0.22296118930156308
ONRJ,VERAO,28,2020-01-29,0.3538487051104076,0.40195391741012015,0.26251022477893404
ONRJ,VERAO,2,2020-01-01,0.25815208366563497,0.3216028489138258,0.1596632766194525
ONRJ,VERAO,26,2020-01-29,0.29329195551052395,0.26313675843796086,0.15624908003327367
ONRJ,VERAO,13,2020-01-15,0.3753208647043214,0.43144991796090115,0.2564369000463953
ONRJ,VERAO,7,2020-01-08,0.25592953877095875,0.31603307996249924,0.1540592737673127
ONRJ,VERAO,30,2020-01-29,0.26730193020200405,0.2976811239354632,0.16418277359052155
ONRJ,VERAO,11,2020-01-08,0.3017313611448988,0.38396000877097614,0.20975654624893078
ONRJ,VERAO,5,2020-01-08,0.2974044111912241,0.3339774501863286,0.17308088484705575
ONRJ,VERAO,1,2020-01-01,0.28779140020967964,0.30222704606021444,0.15404377936147332
ONRJ,VERAO,19,2020-01-22,0.26899674121269035,0.3154339469384139,0.16461580154472658
ONRJ,VERAO,6,2020-01-08,0.27815904521286156,0.3427753080232452,0.17179718716811157
ONRJ,VERAO,24,2020-01-22,0.35146264160944307,0.3901112246658798,0.2122027282966985
ONRJ,VERAO,15,2020-01-15,0.26321276307394104,0.3583903532334791,0.1834123863869166
ONRJ,VERAO,12,2020-01-15,0.24186757841043507,0.34150232382944606,0.17462261151471864
ONRJ,VERAO,23,2020-01-22,0.3239663021594148,0.3284579380574683,0.1918829669448784
ONRJ,VERAO,3,2020-01-01,0.3086082547795821,0.3391094896014129,0.1718333168934668
SSA1,VERAO,16,2020-01-15,0.16947484443174993,0.1487182133976127,0.0827655318583473
SSA1,VERAO,29,2020-01-29,0.2006659239968775,0.13857419418639658,0.05744331764650555
SSA1,VERAO,21,2020-01-22,0.11982231628195673,0.08412837760721485,0.026808263542733465
SSA1,VERAO,3,2020-01-01,0.20334583796994615,0.20479775781568607,0.05140955939136468
SSA1,VERAO,30,2020-01-29,0.1748954054981918,0.14665190035934475,0.05290429567470133
SSA1,VERAO,11,2020-01-08,0.1589526615836906,0.1484159760234372,0.07461367738304577
SSA1,VERAO,26,2020-01-29,0.1537403328213874,0.12417102953416637,0.047693664526828244
SSA1,VERAO,28,2020-01-29,0.2184618643399334,0.1562039376278105,0.0478836785448695
SSA1,VERAO,24,2020-01-22,0.18522969641274248,0.14835036262070375,0.051939409982216175
SSA1,VERAO,1,2020-01-01,0.18440980504940083,0.14579848338610424,0.052082360114174796
SSA1,VERAO,13,2020-01-15,0.10944663940030837,0.11331013950790561,0.0637780344539938
SSA1,VERAO,6,2020-01-08,0.16218381103568555,0.207854161446995,0.039296354884291555
SSA1,VERAO,5,2020-01-08,0.1582435853534495,0.10491339633632016,0.04633956386303376
SSA1,VERAO,12,2020-01-15,0.13731483127629093,0.144414059312897,0.10673288268041162
SSA1,VERAO,27,2020-01-29,0.1323110873239425,0.09226857094076968,0.037797867306832815
SSA1,VERAO,8,2020-01-08,0.15038145636285424,0.12100271971453264,0.05157289944538019
SSA1,VERAO,14,2020-01-15,0.11789006699991028,0.12618622379956965,0.045758435729624354
SSA1,VERAO,18,2020-01-15,0.16059786757197916,0.11174041106191299,0.07592277479090082
SSA1,VERAO,20,2020-01-22,0.2069539736678746,0.13422101512065984,0.06784072126932322
SSA1,VERAO,17,2020-01-15,0.17679966238452663,0.13845572575884205,0.07264995205069635
SSA1,VERAO,23,2020-01-22,0.2332328939410582,0.15568114013065895,0.057437881501988634
SSA1,VERAO,7,2020-01-08,0.1687201535514538,0.15137707660067617,0.055480612434888436
SSA1,VERAO,10,2020-01-08,0.2005566509130509,0.1915681993606472,0.06996873270048892
SSA1,VERAO,15,2020-01-15,0.1553036743166479,0.15959819835664069,0.05702372003711244
SSA1,VERAO,19,2020-01-22,0.17581372449056748,0.14518256626521084,0.04843885588293244
SSA1,VERAO,31,2020-01-29,3.8882561060360596,3.6510856744067657,2.2440212082949635
SSA1,VERAO,2,2020-01-01,0.23461685324251363,0.17932830106733344,0.04846884420164194
SSA1,VERAO,22,2020-01-22,0.14463030792117518,0.1439731441187781,0.054435546873950524
SSA1,VERAO,25,2020-01-22,0.16230967064912946,0.14529496195845448,0.048082569900537345
SSA1,VERAO,9,2020-01-08,0.16965456824416206,0.13445503161007585,0.06906797709066223
SSA1,VERAO,4,2020-01-01,0.2122538439232679,0.14964405815551482,0.04490390837817179
SAGA,VERAO,29,2020-01-29,0.11216931383835962,0.41197316610773993,0.126553798988652
SAGA,VERAO,28,2020-01-29,0.0852746019240047,0.24005332994520776,0.06909407722043942
SAGA,VERAO,26,2020-01-29,0.15123642283554106,0.26765064441030795,0.060339785509051676
SAGA,VERAO,15,2020-01-15,0.0787739428064435,0.21147960749506328,0.06848966551190006
SAGA,VERAO,4,2020-01-01,0.1372654444590438,0.2659169776791763,0.05637471814111467
SAGA,VERAO,31,2020-01-29,1.4378019333024332,3.326191225513512,0.5483023135420303
SAGA,VERAO,24,2020-01-22,0.15277313609186063,0.3805037182902944,0.08202700519070721
SAGA,VERAO,30,2020-01-29,0.1026512192322274,0.18933716988067684,0.053132278586336686
SAGA,VERAO,23,2020-01-22,0.13465760770514343,0.3494769410118938,0.08424191215300082
SAGA,VERAO,20,2020-01-22,0.12256146543632923,0.3226467995596008,0.1045914931577727
SAGA,VERAO,16,2020-01-15,0.08466608233880533,0.2703897826609717,0.05869711702054785
SAGA,VERAO,11,2020-01-08,0.0745572470244881,0.18904327631675774,0.0519342708783688
SAGA,VERAO,27,2020-01-29,0.13508488538659494,0.25252245644044996,0.07251983301522277
SAGA,VERAO,5,2020-01-08,0.1702918840811955,0.2733722109587109,0.09934939081972008
SAGA,VERAO,17,2020-01-15,0.12765804503102324,0.21048220810489832,0.0702095088898255
SAGA,VERAO,2,2020-01-01,0.11412598308533213,0.24292594260593905,0.04699362526954447
SAGA,VERAO,3,2020-01-01,0.10850101533475195,0.2316987973495035,0.05801410534005769
SAGA,VERAO,1,2020-01-01,0.10645796408935107,0.3035899741209313,0.05566010529256827
SAGA,VERAO,9,2020-01-08,0.15458840664884782,0.30502419950099546,0.10688680422140398
SAGA,VERAO,10,2020-01-08,0.1348111528831119,0.22313107335817864,0.07148985004685164
SAGA,VERAO,19,2020-01-22,0.10317605906142521,0.20668728197306316,0.06909348753278767
SAGA,VERAO,13,2020-01-15,0.10106197716747797,0.2300317845366039,0.059551916586797635
SAGA,VERAO,12,2020-01-15,0.089097457608686,0.23739228790100275,0.05963026761886245
SAGA,VERAO,6,2020-01-08,0.11051868589680587,0.26855233562779957,0.0779239762622311
SAGA,VERAO,14,2020-01-15,0.09662646965727532,0.23902080525459188,0.06307843186882683
SAGA,VERAO,25,2020-01-22,0.14915869427941073,0.3340018116058675,0.0683600050183624
SAGA,VERAO,8,2020-01-08,0.11931020667922848,0.2824201398206452,0.09691524670784564
SAGA,VERAO,21,2020-01-22,0.10301483414053184,0.1881341776848153,0.04127331037493886
SAGA,VERAO,18,2020-01-15,0.08169823944656356,0.1504994306126367,0.055325462285862825
SAGA,VERAO,22,2020-01-22,0.12042119936066999,0.2409895654333905,0.05824784876810756
SAGA,VERAO,7,2020-01-08,0.14481121906475183,0.3242025397524958,0.08051094032800976
POLI,VERAO,28,2020-01-29,0.20832231629885262,0.20219203958180845,0.12192155832331182
POLI,VERAO,20,2020-01-22,0.19638776464862087,0.20465366356358325,0.15993189890393844
POLI,VERAO,21,2020-01-22,0.25148769295733536,0.22022596609547065,0.17426255976873564
POLI,VERAO,10,2020-01-08,0.19307391057576798,0.21915622197870996,0.16679551350295127
POLI,VERAO,31,2020-01-29,2.6127349458819698,3.8092670733543508,2.6389406685752266
POLI,VERAO,30,2020-01-29,0.2285227263637776,0.18646894074053824,0.11738151235536015
POLI,VERAO,17,2020-01-15,0.176206926729862,0.16052862043256966,0.13526908370650942
POLI,VERAO,4,2020-01-01,0.2512573721645047,0.20448827533996577,0.1476120161925178
POLI,VERAO,15,2020-01-15,0.1604541910355293,0.13705518913310058,0.11953039351292612
POLI,VERAO,5,2020-01-08,0.22531929361253822,0.15671811061336943,0.1317424945629438
POLI,VERAO,23,2020-01-22,0.23570947760338018,0.20784545223864706,0.14070142367372704
POLI,VERAO,27,2020-01-29,0.21952988866818884,0.2025197623839681,0.11901707065676159
POLI,VERAO,8,2020-01-08,0.20168263214600116,0.18341453396735535,0.13609430526935476
POLI,VERAO,22,2020-01-22,0.21897398087334197,0.19072741160192208,0.14306258689841989
POLI,VERAO,6,2020-01-08,0.28551257811597214,0.190754002136372,0.12930911639887113
POLI,VERAO,3,2020-01-01,0.2342229409974315,0.19809965779449548,0.1442745831407423
POLI,VERAO,18,2020-01-15,0.2154505101224607,0.20831589810646006,0.15930024649879548
POLI,VERAO,11,2020-01-08,0.1844830471204521,0.17163205538832133,0.14942950211704928
POLI,VERAO,13,2020-01-15,0.22421609221215094,0.26122959233352383,0.18139006500472246
POLI,VERAO,9,2020-01-08,0.1921563299091189,0.20680695935802745,0.14128528785066602
POLI,VERAO,24,2020-01-22,0.19806403719344456,0.13097897055171862,0.1204094336186258
POLI,VERAO,25,2020-01-22,0.26422183220308254,0.20829287191118706,0.12096448340679504
POLI,VERAO,19,2020-01-22,0.22642606210051433,0.20293025096965026,0.1363555193895969
POLI,VERAO,29,2020-01-29,0.19788719857973092,0.14975392238005736,0.12381979241898089
POLI,VERAO,16,2020-01-15,0.18893897648208058,0.1850079052908954,0.19285738694592458
POLI,VERAO,26,2020-01-29,0.1956332454398649,0.18839922267163833,0.12897263399059902
POLI,VERAO,12,2020-01-15,0.19347890651264757,0.21079912965648434,0.14562854870838118
POLI,VERAO,14,2020-01-15,0.13797469231773976,0.16859215432527025,0.1253185167565099
POLI,VERAO,2,2020-01-01,0.1983708212222335,0.16077457840202283,0.09839483136417586
POLI,VERAO,1,2020-01-01,0.20035704556799103,0.14742007250447128,0.1237872518490302
POLI,VERAO,7,2020-01-08,0.1844987935752236,0.17222441758202303,0.11841720916173819
BRAZ,INVERNO,183,2020-07-01,0.17147555457290128,0.16822122406470189,0.08262577355518047
BRAZ,INVERNO,210,2020-07-29,0.26037047063703755,0.36679564832562034,0.12511234638558377
BRAZ,INVERNO,185,2020-07-01,0.18222382523779282,0.24125419577894688,0.08767206451454095
BRAZ,INVERNO,196,2020-07-15,0.23184492811774796,0.25784314624374643,0.1371278902772079
BRAZ,INVERNO,203,2020-07-22,0.23187779663951602,0.23006510958953277,0.1649280520755583
BRAZ,INVERNO,187,2020-07-08,0.17609726604276976,0.18282790323957837,0.1125528950834882
BRAZ,INVERNO,202,2020-07-22,0.24053881675960911,0.27834717840629897,0.16476855455583778
BRAZ,INVERNO,193,2020-07-08,0.21764557479694369,0.23271841294382364,0.11024765446768725
BRAZ,INVERNO,206,2020-07-22,0.18122408689405126,0.3184474072343984,0.10863923090483332
BRAZ,INVERNO,207,2020-07-22,0.14909921274563545,0.2823511425305934,0.09515528126853072
BRAZ,INVERNO,204,2020-07-22,0.262498002222854,0.45133422646279037,0.12961699115640693
BRAZ,INVERNO,208,2020-07-29,0.21721270947356747,0.29738908242614104,0.11739072465683428
BRAZ,INVERNO,186,2020-07-01,0.19539258330442957,0.21190697361841596,0.08091533438138064
BRAZ,INVERNO,195,2020-07-15,0.24726862339972047,0.2219756086652787,0.15073477813739097
BRAZ,INVERNO,199,2020-07-15,0.22325674935817283,0.279511743948392,0.14195951544811405
BRAZ,INVERNO,194,2020-07-15,0.2467440222465678,0.2007043028553631,0.1286503873757631
BRAZ,INVERNO,213,2020-07-29,2.6130242149794247,4.332085428441499,1.8959403047961054
BRAZ,INVERNO,190,2020-07-08,0.1706006532809111,0.23432053512615333,0.08619134809704254
BRAZ,INVERNO,211,2020-07-29,0.30849841744288864,0.4156566198192025,0.1262459951418541
BRAZ,INVERNO,197,2020-07-15,0.2161574018947024,0.2556425203812566,0.1345022019774971
BRAZ,INVERNO,191,2020-07-08,0.2708403932054344,0.29038678546332947,0.21523732662980466
BRAZ,INVERNO,200,2020-07-15,0.22436969888480557,0.2394122513624256,0.14513385459789915
BRAZ,INVERNO,189,2020-07-08,0.1665189292659305,0.1790764716390345,0.0842357380167289
BRAZ,INVERNO,192,2020-07-08,0.19945514209987125,0.20260186453672813,0.14351586154866658
BRAZ,INVERNO,184,2020-07-01,0.17899126656970163,0.18415339746214796,0.09483923182740184
BRAZ,INVERNO,205,2020-07-22,0.22092888191533544,0.30661031478193207,0.13086465724452775
BRAZ,INVERNO,212,2020-07-29,0.22856401230626522,0.1817537120045883,0.13556479230125806
BRAZ,INVERNO,188,2020-07-08,0.1887467245595746,0.18616370219819567,0.07949082451915541
BRAZ,INVERNO,209,2020-07-29,0.21854713997746977,0.33572244748651303,0.13060711428697613
BRAZ,INVERNO,198,2020-07-15,0.2215368375529882,0.25376231363828866,0.16401114157509378
BRAZ,INVERNO,201,2020-07-22,0.26622240606448744,0.35124469745128967,0.13759474363330654
CUIB,INVERNO,195,2020-07-15,0.12604735656181887,0.2653764435161569,0.1156701865230984
CUIB,INVERNO,208,2020-07-29,0.16905155818358136,0.3108680071127003,0.13569517442456344
CUIB,INVERNO,197,2020-07-15,0.1556861449125588,0.2931196692360459,0.13677002141623398
CUIB,INVERNO,213,2020-07-29,2.834815389335905,5.311924037193375,2.0263919513288977
CUIB,INVERNO,202,2020-07-22,0.1780443595290493,0.33937634956945306,0.1436416018778768
CUIB,INVERNO,190,2020-07-08,0.09748483002161291,0.29672138170886003,0.09667012558103867
CUIB,INVERNO,189,2020-07-08,0.10688355386179671,0.3414898827674876,0.112039201137127
CUIB,INVERNO,200,2020-07-15,0.15572813522259357,0.2938651805933801,0.13028591125374153
CUIB,INVERNO,206,2020-07-22,0.17888171523298496,0.3642761360851644,0.14121084920901744
CUIB,INVERNO,210,2020-07-29,0.1607039194193484,0.27983961696905874,0.10389181485433072
CUIB,INVERNO,185,2020-07-01,0.1032482101655501,0.28484614995704693,0.11157414630083548
CUIB,INVERNO,196,2020-07-15,0.1463310501284012,0.28567005841270193,0.1239357087438151
CUIB,INVERNO,203,2020-07-22,0.16223047575413696,0.3213511115254073,0.13557036705233255
CUIB,INVERNO,205,2020-07-22,0.17469744906460083,0.33684933705566944,0.13165384288429333
CUIB,INVERNO,201,2020-07-22,0.1596416187266522,0.2952302639049471,0.13963755416816512
CUIB,INVERNO,209,2020-07-29,0.1660277019574224,0.28985967435621013,0.14495393555112104
CUIB,INVERNO,193,2020-07-08,0.13466672389069015,0.27384712853630067,0.10320898575890326
CUIB,INVERNO,211,2020-07-29,0.12303223833277813,0.37167620145628966,0.10677390373485737
CUIB,INVERNO,183,2020-07-01,0.11717648735950197,0.28011044442797794,0.10782540321635471
CUIB,INVERNO,188,2020-07-08,0.10460209777598459,0.31410287281051935,0.10319264494950833
CUIB,INVERNO,191,2020-07-08,0.15361029848249802,0.40123484723326,0.14383840944472723
CUIB,INVERNO,192,2020-07-08,0.11781573382938827,0.28143518802189854,0.10358349813853053
CUIB,INVERNO,187,2020-07-08,0.10623747903761858,0.2992726700600033,0.1030036705428775
CUIB,INVERNO,207,2020-07-22,0.15971931692665298,0.3039423443088038,0.12541172584418744
CUIB,INVERNO,186,2020-07-01,0.09184012531212447,0.2588160509098627,0.10151959385541608
CUIB,INVERNO,194,2020-07-15,0.14161191978560725,0.30491662319361484,0.11924017675306466
CUIB,INVERNO,198,2020-07-15,0.13106608445268048,0.2719893669580636,0.12117536823483979
CUIB,INVERNO,212,2020-07-29,0.11757163589078966,0.2706170315278248,0.10362731466953734
CUIB,INVERNO,199,2020-07-15,0.14091622473907012,0.237564194255791,0.10086286513600143
CUIB,INVERNO,184,2020-07-01,0.10856989720274329,0.28458623438049274,0.10224022633104335
CUIB,INVERNO,204,2020-07-22,0.15328633300923,0.28796192776432783,0.11162920564206517
UFPR,INVERNO,212,2020-07-29,0.2896410963285214,0.3229047086941551,0.20535787929423266
UFPR,INVERNO,205,2020-07-22,0.33340524651317943,0.3379914980836008,0.20416053235736772
UFPR,INVERNO,197,2020-07-15,0.28905673375509355,0.3015368081002442,0.20255827729769707
UFPR,INVERNO,206,2020-07-22,0.36056018989421923,0.31321093095201075,0.18207787831993927
UFPR,INVERNO,184,2020-07-01,0.2902523595392484,0.3280500610131232,0.17407773622107842
UFPR,INVERNO,211,2020-07-29,0.2560371638164901,0.32336010598955256,0.19431883788673435
UFPR,INVERNO,189,2020-07-08,0.32380311974803067,0.3203154412568983,0.19386070692037016
UFPR,INVERNO,185,2020-07-01,0.30230496522304046,0.32270432684331857,0.16666649389985372
UFPR,INVERNO,187,2020-07-08,0.32060110717306484,0.3321063792997455,0.1889432273288051
UFPR,INVERNO,193,2020-07-08,0.3011422792102449,0.30174522251652275,0.20027719448951875
UFPR,INVERNO,186,2020-07-01,0.30838340890635235,0.32833651904487965,0.17763896282789657
UFPR,INVERNO,202,2020-07-22,0.340744306863358,0.3904532245806337,0.22583620482809394
UFPR,INVERNO,203,2020-07-22,0.34489450318448245,0.414954482947949,0.22449802250287015
UFPR,INVERNO,195,2020-07-15,0.3110707257415182,0.3020143049055549,0.2134913776066797
UFPR,INVERNO,210,2020-07-29,0.3441352588042336,0.31831784808080316,0.19780536595359346
UFPR,INVERNO,199,2020-07-15,0.2899043241569797,0.27226794404953375,0.20788284734066878
UFPR,INVERNO,208,2020-07-29,0.3659739878157794,0.3541429073197856,0.19778460452191335
UFPR,INVERNO,192,2020-07-08,0.31222764537023023,0.33233623277986285,0.18936974489224295
UFPR,INVERNO,198,2020-07-15,0.3132242343362599,0.31507145987166835,0.2164195095042915
UFPR,INVERNO,188,2020-07-08,0.32136919972327466,0.349269758570722,0.1748531490535732
UFPR,INVERNO,196,2020-07-15,0.3157035339508408,0.377061109898016,0.2435878196593225
UFPR,INVERNO,209,2020-07-29,0.3625891756355618,0.36831367835357026,0.19758704971643734
UFPR,INVERNO,194,2020-07-15,0.2709753203319166,0.27303968671657625,0.20147658825044532
UFPR,INVERNO,201,2020-07-22,0.29378183187841517,0.3075009068173042,0.21916362965119174
UFPR,INVERNO,190,2020-07-08,0.3215024134256747,0.3159907595921098,0.20733334787466748
UFPR,INVERNO,207,2020-07-22,0.3247686388009659,0.308782607952026,0.1744976020804151
UFPR,INVERNO,191,2020-07-08,0.3394411003408829,0.3376680213934652,0.2864234423230634
UFPR,INVERNO,183,2020-07-01,0.2726341548048551,0.3119772486394366,0.17101922160338517
UFPR,INVERNO,204,2020-07-22,0.3469437515582611,0.34879934641039817,0.19231317258371733
UFPR,INVERNO,200,2020-07-15,0.3020808542339975,0.299673106601703,0.2256077167604685
UFPR,INVERNO,213,2020-07-29,2.0292509657702387,4.227212454213667,2.8439401920746645
NAUS,INVERNO,212,2020-07-29,0.10397328997911856,0.16226811279157352,0.04823383334573954
NAUS,INVERNO,213,2020-07-29,2.163321661572427,5.2233051505822194,0.3796240237270901
NAUS,INVERNO,203,2020-07-22,0.12336649871329064,0.16178815857962614,0.05885797471601348
NAUS,INVERNO,193,2020-07-08,0.1703826691783551,0.11884932913390862,0.09197555595875029
NAUS,INVERNO,186,2020-07-01,0.1633323895223603,0.16027223008090324,0.07205518388199264
NAUS,INVERNO,202,2020-07-22,0.10471817719362742,0.22731821144051267,0.060598492916067594
NAUS,INVERNO,185,2020-07-01,0.1914916602489497,0.14837651815544994,0.07416910809661284
NAUS,INVERNO,206,2020-07-22,0.12745331121746828,0.23453516232533178,0.055290810971124184
NAUS,INVERNO,205,2020-07-22,0.11019217563151587,0.19965551025688383,0.045537000376967236
NAUS,INVERNO,201,2020-07-22,0.12591824275028868,0.17905107033802292,0.0586573954913033
NAUS,INVERNO,195,2020-07-15,0.1439934777538356,0.13419383790796002,0.12353080795614083
NAUS,INVERNO,204,2020-07-22,0.131734351350694,0.1932104489804481,0.04698886264121383
NAUS,INVERNO,189,2020-07-08,0.17534564487122242,0.1316625647008062,0.07373835523095483
NAUS,INVERNO,198,2020-07-15,0.14080771118940574,0.14696355192514088,0.07395365668063598
NAUS,INVERNO,192,2020-07-08,0.1619475562901893,0.13738461754547235,0.09912269966461087
NAUS,INVERNO,191,2020-07-08,0.18387505277098884,0.18350217130851793,0.14310826154651712
NAUS,INVERNO,210,2020-07-29,0.11574056069004801,0.20968409345821237,0.05180433455210428
NAUS,INVERNO,200,2020-07-15,0.11405926090793354,0.127831385117467,0.07066405973845342
NAUS,INVERNO,183,2020-07-01,0.1386485784063701,0.14719002080417845,0.04401073255332969
NAUS,INVERNO,207,2020-07-22,0.12393552980307883,0.20846171259973906,0.03683254302444559
NAUS,INVERNO,196,2020-07-15,0.12458032675035222,0.16596201888785211,0.09828199441312607
NAUS,INVERNO,190,2020-07-08,0.1570600779706751,0.16710222388309232,0.09394214041319937
NAUS,INVERNO,208,2020-07-29,0.12714662089344494,0.20931853480907944,0.05191893789122535
NAUS,INVERNO,187,2020-07-08,0.18748451025457488,0.16992404444717,0.07261852327114851
NAUS,INVERNO,199,2020-07-15,0.08938446481166325,0.1780720131522451,0.07453074882913166
NAUS,INVERNO,209,2020-07-29,0.10497577499431927,0.2126888042324831,0.04826698814931199
NAUS,INVERNO,184,2020-07-01,0.16540898683296226,0.17493196327883484,0.07100203452640094
NAUS,INVERNO,197,2020-07-15,0.12984002158775512,0.13572327110162657,0.07599519040921507
NAUS,INVERNO,211,2020-07-29,0.18496100102521373,0.29844982173714707,0.0404830787954721
NAUS,INVERNO,188,2020-07-08,0.18553462554394046,0.17925476392238127,0.07242498705195231
NAUS,INVERNO,194,2020-07-15,0.1436626821355834,0.1759324995156376,0.10257207263317437
POAL,INVERNO,200,2020-07-15,0.21223745540010033,0.255114177085817,0.19510389052471677
POAL,INVERNO,183,2020-07-01,0.12368679136911766,0.3393905461147169,0.1631270375038306
POAL,INVERNO,205,2020-07-22,0.14553007709212848,0.19942743585744496,0.13803170173100734
POAL,INVERNO,185,2020-07-01,0.11127045527679964,0.3569156533264137,0.1319552472827638
POAL,INVERNO,189,2020-07-08,0.16818715482956856,0.31790319196157096,0.16379178577550513
POAL,INVERNO,184,2020-07-01,0.09971715246890274,0.35562001908167135,0.19758003292904755
POAL,INVERNO,207,2020-07-22,0.16295075760773683,0.22002688467108306,0.15663490841199734
POAL,INVERNO,209,2020-07-29,0.24428680941331807,0.2285269416584548,0.16087718050442631
POAL,INVERNO,206,2020-07-22,0.15974608584345748,0.19609896688721598,0.1288708214412474
POAL,INVERNO,187,2020-07-08,0.23030004731291145,0.3499972782241027,0.15826380611819682
POAL,INVERNO,203,2020-07-22,0.18428303250938768,0.34596760714100083,0.12841995245849355
POAL,INVERNO,210,2020-07-29,0.19834625450174767,0.19847397429189773,0.11740951722290142
POAL,INVERNO,202,2020-07-22,0.15016339114893454,0.25802187015970013,0.1242496118594982
POAL,INVERNO,193,2020-07-08,0.16325049413268491,0.30647692733136644,0.15576971353382305
POAL,INVERNO,204,2020-07-22,0.16046272397680103,0.28776729010835644,0.09681090500764829
POAL,INVERNO,192,2020-07-08,0.13977387132005556,0.2673362208289888,0.11112925736731218
POAL,INVERNO,211,2020-07-29,0.1819126692774433,0.31237100462992246,0.12998879597180954
POAL,INVERNO,208,2020-07-29,0.18638548959645326,0.3333091358961093,0.1089198355027461
POAL,INVERNO,195,2020-07-15,0.12636449058597526,0.2508793887048619,0.11905169489281762
POAL,INVERNO,191,2020-07-08,0.20718937210317184,0.3450810164068043,0.17154139243660196
POAL,INVERNO,198,2020-07-15,0.16683831012002623,0.24033124617451546,0.1624861360344628
POAL,INVERNO,196,2020-07-15,0.16906703035435613,0.2727344860350883,0.1870339615394887
POAL,INVERNO,186,2020-07-01,0.12026359665224538,0.36180292132897557,0.11769509706905525
POAL,INVERNO,213,2020-07-29,2.4509960126334187,4.327507726542542,3.2132762247185855
POAL,INVERNO,199,2020-07-15,0.1630286041452516,0.2750918974056338,0.18819069444282732
POAL,INVERNO,194,2020-07-15,0.19402533737845198,0.30748154633321173,0.21356054603582336
POAL,INVERNO,188,2020-07-08,0.1686450863913142,0.3224107832812869,0.14280803483472942
POAL,INVERNO,190,2020-07-08,0.15542582354964538,0.33249169332573714,0.15492485707130146
POAL,INVERNO,201,2020-07-22,0.1805515656412458,0.2014331114397148,0.1760086599256349
POAL,INVERNO,212,2020-07-29,0.16561864986834496,0.17182122371821812,0.11724145275701688
POAL,INVERNO,197,2020-07-15,0.13641483874943358,0.2335791618624056,0.12548835634129749
PERC,INVERNO,202,2020-07-22,0.23706764307323164,0.2605013955855319,0.11749880785347941
PERC,INVERNO,204,2020-07-22,0.19001654493960185,0.2876823921270075,0.1094268325665164
PERC,INVERNO,185,2020-07-01,0.31175586003967387,0.2998975701366987,0.11309048306340881
PERC,INVERNO,184,2020-07-01,0.2456931662780281,0.20492716446651604,0.07069005028505822
PERC,INVERNO,193,2020-07-08,0.2821293932038224,0.22599615092532652,0.08591351171824466
PERC,INVERNO,197,2020-07-15,0.23288777875299976,0.22629784408562642,0.1320414828766402
PERC,INVERNO,207,2020-07-22,0.21410557297436408,0.3163884781908035,0.11585216114969199
PERC,INVERNO,188,2020-07-08,0.17462265177366781,0.20708446310699924,0.0731749645100429
PERC,INVERNO,203,2020-07-22,0.22220950039550527,0.2792791109562697,0.10892500371212217
PERC,INVERNO,201,2020-07-22,0.22820153328589615,0.31658662593592235,0.0902439473445471
PERC,INVERNO,198,2020-07-15,0.2954433219701345,0.3054480033569813,0.11955533544322894
PERC,INVERNO,210,2020-07-29,0.19344653475384813,0.28648274795923695,0.13436348666566664
PERC,INVERNO,208,2020-07-29,0.2720016391979958,0.3315826618613633,0.11893192711192764
PERC,INVERNO,183,2020-07-01,0.2827539020901421,0.23375790146498573,0.066576336976597
PERC,INVERNO,211,2020-07-29,0.2857300188908609,0.3529380545439928,0.15812126417568123
PERC,INVERNO,187,2020-07-08,0.30512932445250607,0.272166889839702,0.08442809715203983
PERC,INVERNO,191,2020-07-08,0.25102839380410585,0.27065214087990375,0.13908054293120486
PERC,INVERNO,212,2020-07-29,0.1779614292204948,0.3129966638799008,0.10195517163471339
PERC,INVERNO,209,2020-07-29,0.23863273897614026,0.31012686214019697,0.10837436680833551
PERC,INVERNO,205,2020-07-22,0.24108682598710754,0.26427818781386236,0.12293252241467528
PERC,INVERNO,199,2020-07-15,0.2870549355140658,0.27313609880320194,0.10405730496869173
PERC,INVERNO,192,2020-07-08,0.19365349238185825,0.22689024254803797,0.11540720592108404
PERC,INVERNO,186,2020-07-01,0.19195891154495162,0.20127525831508608,0.05611162697172911
PERC,INVERNO,213,2020-07-29,4.298051652616583,3.4763091297210624,1.4280961277882178
PERC,INVERNO,195,2020-07-15,0.2427993014182301,0.22759119125825297,0.09487432663458488
PERC,INVERNO,200,2020-07-15,0.29157066164518874,0.2994359339043659,0.09812983853009243
PERC,INVERNO,189,2020-07-08,0.2289578490881705,0.19401403840902615,0.10375292659822007
PERC,INVERNO,190,2020-07-08,0.25237679242928934,0.2582571137584417,0.10290226244286084
PERC,INVERNO,194,2020-07-15,0.22653549440584286,0.26643394048889313,0.08962896222219326
PERC,INVERNO,206,2020-07-22,0.22646458435836087,0.2865687154214959,0.13412621238699607
PERC,INVERNO,196,2020-07-15,0.2076952588579525,0.2671147533271414,0.08425160929884905
ONRJ,INVERNO,212,2020-07-29,0.2952843164099626,0.36546348221505276,0.19729373572079598
ONRJ,INVERNO,213,2020-07-29,2.853079129060187,4.225220329563675,3.0849238475600353
ONRJ,INVERNO,185,2020-07-01,0.21221335352310713,0.32041445436880955,0.18980447149320306
ONRJ,INVERNO,189,2020-07-08,0.22562116899196566,0.3233251503533613,0.19368504167605038
ONRJ,INVERNO,199,2020-07-15,0.23003739558050332,0.3277139926714165,0.1755606708034616
ONRJ,INVERNO,208,2020-07-29,0.31389486963423036,0.397101679142956,0.223100729673796
ONRJ,INVERNO,196,2020-07-15,0.2864104564792969,0.3928318532655469,0.20736485335244656
ONRJ,INVERNO,197,2020-07-15,0.28584054558197,0.34229317725843766,0.21195479081640484
ONRJ,INVERNO,203,2020-07-22,0.25681187251093995,0.33363510074491165,0.18968168745947966
ONRJ,INVERNO,191,2020-07-08,0.3385608438117965,0.3962752986435809,0.20591068702864285
ONRJ,INVERNO,198,2020-07-15,0.2569600099346688,0.33927490450665976,0.2074899652891414
ONRJ,INVERNO,200,2020-07-15,0.2683713500226992,0.3536196412008654,0.20402389358196335
ONRJ,INVERNO,187,2020-07-08,0.17389457851803863,0.2944528828075663,0.16491254355426144
ONRJ,INVERNO,186,2020-07-01,0.22932266293072834,0.33517890265791433,0.18305321792895007
ONRJ,INVERNO,205,2020-07-22,0.2436504604605428,0.32583356060262414,0.18994862425567285
ONRJ,INVERNO,188,2020-07-08,0.18546537249657274,0.30274568724588513,0.16243618136476182
ONRJ,INVERNO,183,2020-07-01,0.22602093870676201,0.31642812592748654,0.1778476135341339
ONRJ,INVERNO,190,2020-07-08,0.17854267606465815,0.28223596074971385,0.15723539074458204
ONRJ,INVERNO,195,2020-07-15,0.21990556020623456,0.30783531004240744,0.17498134343828303
ONRJ,INVERNO,207,2020-07-22,0.2535151756658254,0.3374832522181309,0.18366629672004633
ONRJ,INVERNO,209,2020-07-29,0.27822527055503776,0.35153007595872277,0.19785929090083518
ONRJ,INVERNO,206,2020-07-22,0.26343802795114396,0.3548923475653478,0.17436440240544213
ONRJ,INVERNO,204,2020-07-22,0.24492149856466944,0.33889364044977227,0.17482130785940947
ONRJ,INVERNO,184,2020-07-01,0.2155889437819821,0.29772778438165654,0.16215149218383126
ONRJ,INVERNO,211,2020-07-29,0.2977129877767451,0.4351049038878952,0.2173964106662966
ONRJ,INVERNO,201,2020-07-22,0.21757278598199117,0.31205781864313226,0.19737902129235593
ONRJ,INVERNO,192,2020-07-08,0.26933474885110786,0.3009770517016514,0.18754663799516552
ONRJ,INVERNO,210,2020-07-29,0.261662570752024,0.31339356370838917,0.16595964632897825
ONRJ,INVERNO,193,2020-07-08,0.21734973108893998,0.30591756371615364,0.17712088492833508
ONRJ,INVERNO,194,2020-07-15,0.23942721556313348,0.3229081176681096,0.1954850748462711
ONRJ,INVERNO,202,2020-07-22,0.2408351334559522,0.30996611715721195,0.21244114117764157
SSA1,INVERNO,194,2020-07-15,0.16192259536161738,0.18105314734350592,0.12107867511196074
SSA1,INVERNO,210,2020-07-29,0.1733208864478063,0.2665649379774924,0.14898938118871594
SSA1,INVERNO,201,2020-07-22,0.1782017653379759,0.334821618808285,0.13211922950224328
SSA1,INVERNO,211,2020-07-29,0.2324454961780535,0.38342069559383596,0.13493735821692415
SSA1,INVERNO,195,2020-07-15,0.18118499189131737,0.21134472911136754,0.12971120534031227
SSA1,INVERNO,212,2020-07-29,0.16720842628319305,0.22363841105268636,0.10904644661134266
SSA1,INVERNO,193,2020-07-08,0.18089698523030368,0.2059987462474092,0.09426331382707441
SSA1,INVERNO,200,2020-07-15,0.1723148646155219,0.18193108829559343,0.14912473427531023
SSA1,INVERNO,188,2020-07-08,0.1338994856316847,0.13228956734596065,0.0861580439417812
SSA1,INVERNO,184,2020-07-01,0.1348033947764769,0.14713477190109844,0.059386020777359015
SSA1,INVERNO,197,2020-07-15,0.2161831101676879,0.23445253220800724,0.12545457706713337
SSA1,INVERNO,203,2020-07-22,0.22889606957365477,0.28808960419756624,0.15304274643640942
SSA1,INVERNO,205,2020-07-22,0.16321270734763627,0.27443817468190757,0.15115581216526333
SSA1,INVERNO,199,2020-07-15,0.17656204752418173,0.21965981944448038,0.1571017660817086
SSA1,INVERNO,186,2020-07-01,0.16713211101845793,0.14897409138855666,0.06088313519840742
SSA1,INVERNO,192,2020-07-08,0.17477941508262726,0.2403574887651682,0.11585040471906373
SSA1,INVERNO,196,2020-07-15,0.18059455586532455,0.2421386393310854,0.14923860316503354
SSA1,INVERNO,185,2020-07-01,0.1456547282047013,0.12858874284672714,0.06572808838954701
SSA1,INVERNO,183,2020-07-01,0.186880491821805,0.14492841605631807,0.058909601244596425
SSA1,INVERNO,204,2020-07-22,0.16642605297361526,0.25784338076300595,0.12828812124527222
SSA1,INVERNO,189,2020-07-08,0.16764544698907713,0.19709872838880324,0.10467366396285642
SSA1,INVERNO,187,2020-07-08,0.10791674464168671,0.11821184921157397,0.07649716704893864
SSA1,INVERNO,190,2020-07-08,0.19151225043063252,0.19622122885646948,0.08736352906871375
SSA1,INVERNO,213,2020-07-29,3.725383882247855,3.637840899891083,2.138423339255557
SSA1,INVERNO,207,2020-07-22,0.18880027624778414,0.27783638541255223,0.15179417885072874
SSA1,INVERNO,202,2020-07-22,0.17695627127025923,0.2296551383844877,0.1688477754239761
SSA1,INVERNO,209,2020-07-29,0.17471918629719255,0.26238621238653287,0.14644776400012555
SSA1,INVERNO,208,2020-07-29,0.2270166596176935,0.32003164898194386,0.17595106661499169
SSA1,INVERNO,198,2020-07-15,0.19510015513401965,0.22076154224990638,0.13936074562865425
SSA1,INVERNO,191,2020-07-08,0.24635349812751403,0.30754664034553925,0.144859928173784
SSA1,INVERNO,206,2020-07-22,0.20825254938153778,0.2952754562311501,0.15928254315710091
SAGA,INVERNO,207,2020-07-22,0.13638767611202604,0.3193639628987854,0.05756831041978992
SAGA,INVERNO,210,2020-07-29,0.13403362340317923,0.38747734975635256,0.07180795568721002
SAGA,INVERNO,183,2020-07-01,0.12810150680320284,0.30615733392556327,0.07327234990357379
SAGA,INVERNO,203,2020-07-22,0.15520520991360787,0.26724214442632477,0.12143021712878795
SAGA,INVERNO,186,2020-07-01,0.18367659150362886,0.23690204974765028,0.12553175390937146
SAGA,INVERNO,184,2020-07-01,0.14819503270268794,0.35975049421207206,0.07677202661884522
SAGA,INVERNO,189,2020-07-08,0.08682194148567146,0.2844308431292705,0.055848377857744796
SAGA,INVERNO,201,2020-07-22,0.14932598642229436,0.30388967220219254,0.07836162749203157
SAGA,INVERNO,197,2020-07-15,0.15798519569224814,0.26393007593028217,0.10899697843359803
SAGA,INVERNO,187,2020-07-08,0.12955195395829278,0.29190273082771406,0.07959790592345194
SAGA,INVERNO,188,2020-07-08,0.1311813388442235,0.29993193819195413,0.08451439637321168
SAGA,INVERNO,185,2020-07-01,0.165992895764739,0.26201082617483695,0.07629905204997041
SAGA,INVERNO,202,2020-07-22,0.21623219601015925,0.32723964060302024,0.17431478090017752
SAGA,INVERNO,198,2020-07-15,0.15756239902542585,0.2743123587744024,0.09512986565532817
SAGA,INVERNO,199,2020-07-15,0.16276635584901786,0.31402177890027005,0.0709217726595612
SAGA,INVERNO,209,2020-07-29,0.15668781699668188,0.32004085542335375,0.06937805968679514
SAGA,INVERNO,193,2020-07-08,0.11007974903486079,0.29153849156932193,0.08133593575902022
SAGA,INVERNO,206,2020-07-22,0.5092901368913766,0.3634711931112801,0.14112168372735154
SAGA,INVERNO,200,2020-07-15,0.1363060483037884,0.2970108469635677,0.06394872397149136
SAGA,INVERNO,211,2020-07-29,0.15142448288086524,0.48196448288812554,0.08998235308456307
SAGA,INVERNO,192,2020-07-08,0.12394676767374882,0.29138471461574417,0.1063516903628228
SAGA,INVERNO,212,2020-07-29,0.1724306995851283,0.4149442074452158,0.08993632572768244
SAGA,INVERNO,191,2020-07-08,0.2444596735097825,0.4289121551969403,0.11600615739269667
SAGA,INVERNO,194,2020-07-15,0.104051555683865,0.3021334794516714,0.12720977738157307
SAGA,INVERNO,190,2020-07-08,0.09500450081410486,0.25278291730433805,0.06666787953547379
SAGA,INVERNO,196,2020-07-15,0.09658695841386762,0.3300940117509053,0.10062669598991503
SAGA,INVERNO,195,2020-07-15,0.09849992748606626,0.2609435788965806,0.10043046276956191
SAGA,INVERNO,204,2020-07-22,0.17964523441117392,0.3080046826938443,0.10020100160293248
SAGA,INVERNO,208,2020-07-29,0.15746929855610628,0.36662232561452773,0.07577924453791984
SAGA,INVERNO,213,2020-07-29,1.3594919625925999,4.069123730975719,0.4598998880540409
SAGA,INVERNO,205,2020-07-22,0.19559594849950662,0.32854345181077016,0.10883535135636005
POLI,INVERNO,183,2020-07-01,0.20849453782482444,0.24869794253887764,0.10248552384321051
POLI,INVERNO,191,2020-07-08,0.34859310242191843,0.30974548910382427,0.1873806911128319
POLI,INVERNO,184,2020-07-01,0.23347414010283027,0.24474102640598772,0.12437007944421019
POLI,INVERNO,212,2020-07-29,0.2295227735023827,0.23899481009381587,0.1362035219774037
POLI,INVERNO,189,2020-07-08,0.2178404716174599,0.22524348900836663,0.14105173639475266
POLI,INVERNO,196,2020-07-15,0.20042832746451772,0.19432476733591195,0.13379056140428133
POLI,INVERNO,202,2020-07-22,0.2698122193344828,0.26756843718804846,0.1808284744723115
POLI,INVERNO,203,2020-07-22,0.24769846215997687,0.24765716010459352,0.17561190496495901
POLI,INVERNO,199,2020-07-15,0.24001532091846467,0.27651717035089507,0.17622139381117904
POLI,INVERNO,213,2020-07-29,2.331493833377546,4.125598508950237,2.800337385460758
POLI,INVERNO,197,2020-07-15,0.22046858191693008,0.22423301769415743,0.14603206841813163
POLI,INVERNO,210,2020-07-29,0.24586422217984769,0.24406824460478418,0.13731223376196605
POLI,INVERNO,185,2020-07-01,0.21461437107326983,0.23186964433057264,0.09724891974226559
POLI,INVERNO,187,2020-07-08,0.21052060932222944,0.2509951742207155,0.1254233706329106
POLI,INVERNO,207,2020-07-22,0.3115168409421762,0.20855836519235763,0.1587282958892097
POLI,INVERNO,206,2020-07-22,0.306291619311531,0.25693959390650095,0.15501683427592614
POLI,INVERNO,195,2020-07-15,0.22609536674240657,0.21228405876421522,0.14323878427827685
POLI,INVERNO,211,2020-07-29,0.2088467778775419,0.2741384249657223,0.1410833176672962
POLI,INVERNO,208,2020-07-29,0.3222594226256068,0.21705239845607985,0.16000767782127057
POLI,INVERNO,193,2020-07-08,0.1791681713758472,0.23201736598262898,0.10092816013244643
POLI,INVERNO,205,2020-07-22,0.2818732457778996,0.26550060499473727,0.18883248987715878
POLI,INVERNO,194,2020-07-15,0.1925884382428932,0.20444030982237302,0.14368140085764164
POLI,INVERNO,198,2020-07-15,0.23921290971502301,0.2344712034676466,0.17471809730144916
POLI,INVERNO,209,2020-07-29,0.305094824747579,0.2020668467812646,0.14381387414160382
POLI,INVERNO,186,2020-07-01,0.21618621912508765,0.26844129880063455,0.13104122803256643
POLI,INVERNO,188,2020-07-08,0.25164366941779,0.3039998401687435,0.14162035845885507
POLI,INVERNO,200,2020-07-15,0.23453900451272067,0.2332060305252555,0.18428408999404144
POLI,INVERNO,192,2020-07-08,0.2548418850223459,0.2696889378591231,0.19166186640224755
POLI,INVERNO,201,2020-07-22,0.22428220799568974,0.237725587134722,0.19745431398527144
POLI,INVERNO,190,2020-07-08,0.22207556594706113,0.19563514354625564,0.12273452262092627
POLI,INVERNO,204,2020-07-22,0.3112986182670698,0.3055840918963712,0.17054088550316232
