Estacao,Periodo,DOY,DataReferencia,RMSE_E,RMSE_Y,RMSE_Z
BRAZ,VERAO,1,2020-01-01,0.1301822362265555,0.14955359218999734,0.04310503301270276
BRAZ,VERAO,2,2020-01-01,0.12138276003084605,0.1476813122074638,0.03731303904130334
BRAZ,VERAO,3,2020-01-01,0.10941673050028272,0.14232526345803476,0.039596783448809854
BRAZ,VERAO,4,2020-01-01,0.10276988526035964,0.13448707414049715,0.03255137857316661
BRAZ,VERAO,5,2020-01-08,0.12259479362718029,0.13076194669914792,0.048566066091526194
BRAZ,VERAO,6,2020-01-08,0.09304912169790865,0.1124159026758821,0.034655953671444945
BRAZ,VERAO,7,2020-01-08,0.08178754723598004,0.1178174092926558,0.035611942792255116
BRAZ,VERAO,8,2020-01-08,0.1058444671797432,0.1348800075255493,0.04283724270835056
BRAZ,VERAO,9,2020-01-08,0.11665429636927671,0.13007460597698298,0.03648680688852033
BRAZ,VERAO,10,2020-01-08,0.0972251439860706,0.1285947250773047,0.04168638367426214
BRAZ,VERAO,11,2020-01-08,0.10918579124246122,0.15990021509372332,0.05557992691908142
BRAZ,VERAO,12,2020-01-15,0.09907842996448471,0.13677960303797684,0.04296137851056637
BRAZ,VERAO,13,2020-01-15,0.09475165012405597,0.13209985610126876,0.0479047762022239
BRAZ,VERAO,14,2020-01-15,0.0917639019540644,0.13274262513942495,0.055886706814224335
BRAZ,VERAO,15,2020-01-15,0.09310593895635401,0.13075460539044312,0.046550626200911896
BRAZ,VERAO,16,2020-01-15,0.07795801755028196,0.11796244636612874,0.049718030112722314
BRAZ,VERAO,17,2020-01-15,0.09241148784954742,0.1288190040838429,0.0529417986944288
BRAZ,VERAO,18,2020-01-15,0.09328290452132725,0.12118781435886745,0.042443543561229286
BRAZ,VERAO,19,2020-01-22,0.07286866856057464,0.11078077586076844,0.03703924159985725
BRAZ,VERAO,20,2020-01-22,0.10231120962912973,0.13942764554782938,0.05384839495410701
BRAZ,VERAO,21,2020-01-22,0.08903013275381694,0.13404344103474547,0.04393016126172676
BRAZ,VERAO,22,2020-01-22,0.08319662032936709,0.15318974013039557,0.052020213761404636
BRAZ,VERAO,23,2020-01-22,0.08738303263936154,0.12308625741361255,0.03679960386374146
BRAZ,VERAO,24,2020-01-22,0.08696559276318121,0.12110774293657665,0.04026260904227482
BRAZ,VERAO,25,2020-01-22,0.08408072792322299,0.12663337254492335,0.045972760939087774
BRAZ,VERAO,26,2020-01-29,0.10033512572961091,0.14231957670510745,0.048891431708671954
BRAZ,VERAO,27,2020-01-29,0.08738506484355944,0.11964098538936725,0.045907701182656746
BRAZ,VERAO,28,2020-01-29,0.08919612810211941,0.1405840503702396,0.04467240853307039
BRAZ,VERAO,29,2020-01-29,0.0955543559589028,0.14114576975334883,0.043632724588396433
BRAZ,VERAO,30,2020-01-29,0.11386831787935649,0.1518761120752785,0.04987742728885677
BRAZ,VERAO,31,2020-01-29,0.09322218488202945,0.1305214755496792,0.039926667520452146
CUIB,VERAO,1,2020-01-01,0.08204560084680129,0.13241695954616114,0.038130151925835035
CUIB,VERAO,2,2020-01-01,0.08874331451764454,0.12386777198071698,0.031146261154624953
CUIB,VERAO,3,2020-01-01,0.0720220199264668,0.124253595568347,0.035435662669337564
CUIB,VERAO,4,2020-01-01,0.06619352696370003,0.12549282268248593,0.036617224352008704
CUIB,VERAO,5,2020-01-08,0.09106285553838554,0.1353509437736058,0.052543146219031465
CUIB,VERAO,6,2020-01-08,0.06060871885322985,0.10792935699513106,0.03683695704076765
CUIB,VERAO,7,2020-01-08,0.07316737365014797,0.12417655293982745,0.03884005657391284
CUIB,VERAO,8,2020-01-08,0.07843890878444475,0.1205399645454492,0.04069002811176119
CUIB,VERAO,9,2020-01-08,0.06741744850937133,0.11945492995231687,0.036676703050145656
CUIB,VERAO,10,2020-01-08,0.07245822977221565,0.12928324935991767,0.0406393195146571
CUIB,VERAO,11,2020-01-08,0.07068065010337884,0.14100011703947213,0.0449527304601829
CUIB,VERAO,12,2020-01-15,0.07966738421684727,0.11743106077732213,0.033178236632201256
CUIB,VERAO,13,2020-01-15,0.06951074305002367,0.11933511143325895,0.04380460959561502
CUIB,VERAO,14,2020-01-15,0.0780598567562503,0.1456825636408261,0.057797097236510164
CUIB,VERAO,15,2020-01-15,0.06907461076114835,0.11733552427337295,0.043960772425997725
CUIB,VERAO,16,2020-01-15,0.06400482972430865,0.12897232634506614,0.04365579698630788
CUIB,VERAO,17,2020-01-15,0.06682410615157351,0.13488526645632545,0.036669065391780505
CUIB,VERAO,18,2020-01-15,0.07569316946405517,0.12379621289526678,0.03644315879795831
CUIB,VERAO,19,2020-01-22,0.0719491267510288,0.14041931935475757,0.04546556288540993
CUIB,VERAO,20,2020-01-22,0.06620991412488957,0.11314063826627614,0.03106404140638731
CUIB,VERAO,21,2020-01-22,0.07947459463862087,0.1195373313020307,0.03667022978940702
CUIB,VERAO,22,2020-01-22,0.060408395688702494,0.10650879957873186,0.04692517629552581
CUIB,VERAO,23,2020-01-22,0.07635300932343009,0.13278420875780517,0.04713863608419573
CUIB,VERAO,24,2020-01-22,0.0643975663032909,0.11315174986123092,0.0445121217011014
CUIB,VERAO,25,2020-01-22,0.06561190382565575,0.10708563763623427,0.035889397276727304
CUIB,VERAO,26,2020-01-29,0.07556854642009164,0.1270705615582421,0.04492016241277078
CUIB,VERAO,27,2020-01-29,0.060740573977057004,0.12723224285950482,0.04930846389696218
CUIB,VERAO,28,2020-01-29,0.06079592544068494,0.11085979648974352,0.03765115022991734
CUIB,VERAO,29,2020-01-29,0.06937235227169533,0.1214786314907192,0.03950840551726362
CUIB,VERAO,30,2020-01-29,0.07758013335330682,0.13802974499491102,0.06444664570156919
CUIB,VERAO,31,2020-01-29,0.07083656225880963,0.126832794242944,0.04543669562191762
UFPR,VERAO,1,2020-01-01,0.10506089071470627,0.14632756978587286,0.06365394897440299
UFPR,VERAO,2,2020-01-01,0.09905779981287276,0.14524672364851302,0.0659645629258952
UFPR,VERAO,3,2020-01-01,0.08965187164551576,0.13901456262489253,0.060393117817884874
UFPR,VERAO,4,2020-01-01,0.08789388371203743,0.1391743898681296,0.0554891784066779
UFPR,VERAO,5,2020-01-08,0.11281160023548555,0.14695665729337554,0.06881528997754689
UFPR,VERAO,6,2020-01-08,0.08126874410183131,0.13315305656944554,0.066307541729272
UFPR,VERAO,7,2020-01-08,0.07369313187662667,0.12770288674239463,0.06274498413172984
UFPR,VERAO,8,2020-01-08,0.07500576640886662,0.13960140940669716,0.08070389691646504
UFPR,VERAO,9,2020-01-08,0.0838835859912017,0.14674947991241422,0.07169121956745413
UFPR,VERAO,10,2020-01-08,0.09575114967061972,0.1563275185894661,0.07753243698721166
UFPR,VERAO,11,2020-01-08,0.06937371390951731,0.1333603909098207,0.05843374321121361
UFPR,VERAO,12,2020-01-15,0.09211713485715493,0.14742636855051883,0.06477915080062768
UFPR,VERAO,13,2020-01-15,0.07299648390942197,0.1305685325822408,0.061613373982376415
UFPR,VERAO,14,2020-01-15,0.07884883840594717,0.13465306526380452,0.06613643059167508
UFPR,VERAO,15,2020-01-15,0.08207104657557837,0.14410832227978804,0.06942841421924363
UFPR,VERAO,16,2020-01-15,0.08346245552790624,0.14440702862799842,0.06835557533575141
UFPR,VERAO,17,2020-01-15,0.0851451412042478,0.14220605870400102,0.07133344917587435
UFPR,VERAO,18,2020-01-15,0.0850141568295694,0.13640290222988155,0.06499028694128832
UFPR,VERAO,19,2020-01-22,0.0729972115347382,0.12599094018196358,0.0620350817824835
UFPR,VERAO,20,2020-01-22,0.07768986577669908,0.12398099982715219,0.06500270106503883
UFPR,VERAO,21,2020-01-22,0.07358917396858533,0.124771859893302,0.06293546761063949
UFPR,VERAO,22,2020-01-22,0.07319047184574885,0.13416098208606672,0.07327852629038656
UFPR,VERAO,23,2020-01-22,0.07081096861308507,0.1282133372429147,0.0673138849165489
UFPR,VERAO,24,2020-01-22,0.06376366106735708,0.13201725379951326,0.06803842917145132
UFPR,VERAO,25,2020-01-22,0.06940508790256461,0.1403573265020456,0.06394835501837944
UFPR,VERAO,26,2020-01-29,0.0651020594895736,0.12954661239086399,0.06285744821874019
UFPR,VERAO,27,2020-01-29,0.07212109978610878,0.1335756323241415,0.0731732084997908
UFPR,VERAO,28,2020-01-29,0.0719388161388485,0.12238476150654772,0.05737595252984707
UFPR,VERAO,29,2020-01-29,0.06294124814357008,0.12777398214882058,0.06779475974651478
UFPR,VERAO,30,2020-01-29,0.07785971933189374,0.12438838103845706,0.062377180527092894
UFPR,VERAO,31,2020-01-29,0.06839264834499462,0.13701056021901528,0.06602127058998862
NAUS,VERAO,1,2020-01-01,0.11533901023074031,0.16619093511512442,0.02377496466455884
NAUS,VERAO,2,2020-01-01,0.08685365626558145,0.14974905271012914,0.02343138236471384
NAUS,VERAO,3,2020-01-01,0.09093243258889663,0.1703493181268734,0.027310882543340378
NAUS,VERAO,4,2020-01-01,0.08616276752930502,0.14934644193372965,0.024490080153772277
NAUS,VERAO,5,2020-01-08,0.09762574811579547,0.1848175775180367,0.029607777576706875
NAUS,VERAO,6,2020-01-08,0.08012896068378875,0.13513721828215378,0.028436114216312088
NAUS,VERAO,7,2020-01-08,0.08817389792021998,0.14897144421435668,0.02725170322135848
NAUS,VERAO,8,2020-01-08,0.08506135758197934,0.15558691626197957,0.027813919813590153
NAUS,VERAO,9,2020-01-08,0.07967641759205285,0.17178167893165644,0.028433575833851428
NAUS,VERAO,10,2020-01-08,0.06925618562523345,0.13837862438324267,0.023539721352702297
NAUS,VERAO,11,2020-01-08,0.07315409994595959,0.1773683544715237,0.026638657242671948
NAUS,VERAO,12,2020-01-15,0.08342414150335845,0.14776467522292738,0.02471784245732503
NAUS,VERAO,13,2020-01-15,0.09690580891325763,0.13913487270482655,0.029547091567992338
NAUS,VERAO,14,2020-01-15,0.06827994926761664,0.147244248808868,0.029130108493464008
NAUS,VERAO,15,2020-01-15,0.07769343480398498,0.14387993570764954,0.02376977937147855
NAUS,VERAO,16,2020-01-15,0.08301743693143211,0.15101468921227437,0.024642032955639725
NAUS,VERAO,17,2020-01-15,0.0961993160761274,0.14914815028817244,0.026110671136865743
NAUS,VERAO,18,2020-01-15,0.08392760499264341,0.13554239926435185,0.03402228718042509
NAUS,VERAO,19,2020-01-22,0.0750143946679731,0.13445521464724128,0.02166352204709847
NAUS,VERAO,20,2020-01-22,0.08452233903629806,0.14234517882433081,0.022419693491112995
NAUS,VERAO,21,2020-01-22,0.08322387495561988,0.14807131093569986,0.03291739496023134
NAUS,VERAO,22,2020-01-22,0.07714770989815803,0.1393515692125957,0.026562318260771902
NAUS,VERAO,23,2020-01-22,0.07073771927697914,0.1488219337390905,0.025079743015234426
NAUS,VERAO,24,2020-01-22,0.0729443623826592,0.1555596870652723,0.02535944404065175
NAUS,VERAO,25,2020-01-22,0.08746169170883214,0.15666802747583244,0.02688028754166352
NAUS,VERAO,26,2020-01-29,0.0667228798976897,0.1449451809796498,0.026871783153953673
NAUS,VERAO,27,2020-01-29,0.07368752170608125,0.1347193358375335,0.032182604029224425
NAUS,VERAO,28,2020-01-29,0.08906402315583468,0.13620235961937754,0.0325550768253326
NAUS,VERAO,29,2020-01-29,0.06731851941830176,0.14188777739015607,0.025603224704517046
NAUS,VERAO,30,2020-01-29,0.07840035944270031,0.15721489460403731,0.023734755267893308
NAUS,VERAO,31,2020-01-29,0.07050221421631411,0.15008301953253153,0.025505684537821198
POAL,VERAO,1,2020-01-01,0.09749122475365518,0.11669613266992367,0.06222569666203996
POAL,VERAO,2,2020-01-01,0.09143992099133927,0.11960335062556098,0.063648107447091
POAL,VERAO,3,2020-01-01,0.08947942511436975,0.1017759692390685,0.05500461771351901
POAL,VERAO,4,2020-01-01,0.08542289127692136,0.11889912821322204,0.06555960587907263
POAL,VERAO,5,2020-01-08,0.09631165002755833,0.12314400888863865,0.07278978174597148
POAL,VERAO,6,2020-01-08,0.09025559196180077,0.10552166280495973,0.07416366410732253
POAL,VERAO,7,2020-01-08,0.08578328269387646,0.13480941466477733,0.07626642591088695
POAL,VERAO,8,2020-01-08,0.08481819751223035,0.1172964551595792,0.08683165641496014
POAL,VERAO,9,2020-01-08,0.09037693283566464,0.12468730151035802,0.07288434305132262
POAL,VERAO,10,2020-01-08,0.09134807766281362,0.12926314733104752,0.07865121946355612
POAL,VERAO,11,2020-01-08,0.08615358480952497,0.12075286251295463,0.06289596795392288
POAL,VERAO,12,2020-01-15,0.1005195275965118,0.11440750824581689,0.0676350506714968
POAL,VERAO,13,2020-01-15,0.07356231216003405,0.10873242675994307,0.06412543021206955
POAL,VERAO,14,2020-01-15,0.08137223586809496,0.12726487267069295,0.0734992798509307
POAL,VERAO,15,2020-01-15,0.09654047154675896,0.1304858037581134,0.07891624462000532
POAL,VERAO,16,2020-01-15,0.06997663217698996,0.12634733041268195,0.07177793239493278
POAL,VERAO,17,2020-01-15,0.07859668118997933,0.12052583487051917,0.06935917422845717
POAL,VERAO,18,2020-01-15,0.08137277657200016,0.12525539943918326,0.06776008639246109
POAL,VERAO,19,2020-01-22,0.07954214343388318,0.11814807893651545,0.07236040043920731
POAL,VERAO,20,2020-01-22,0.08411050817374961,0.13357739645349312,0.08347614979063582
POAL,VERAO,21,2020-01-22,0.07979509225105458,0.12577222211600622,0.07657253303055
POAL,VERAO,22,2020-01-22,0.06301981227129907,0.12662799010878076,0.07979805876659528
POAL,VERAO,23,2020-01-22,0.06317708887117696,0.10430286831308569,0.06777543916326455
POAL,VERAO,24,2020-01-22,0.0615480792082053,0.095040640092966,0.058967027689161185
POAL,VERAO,25,2020-01-22,0.058862335439198714,0.09665171770476236,0.06371553212453791
POAL,VERAO,26,2020-01-29,0.06863634751695673,0.12278828114405325,0.07733898013347917
POAL,VERAO,27,2020-01-29,0.0695220736324419,0.10194905607614814,0.06887674003157637
POAL,VERAO,28,2020-01-29,0.058297116037118554,0.0952589395153944,0.07284456420293035
POAL,VERAO,29,2020-01-29,0.06434659372207928,0.10168514092181911,0.0665082552523074
POAL,VERAO,30,2020-01-29,0.06445840740474933,0.09652282615380482,0.06568669710037661
POAL,VERAO,31,2020-01-29,0.07248831349831909,0.12523742663093043,0.07955324678952623
PERC,VERAO,1,2020-01-01,0.1537298100450436,0.12138704011523599,0.028805516233835867
PERC,VERAO,2,2020-01-01,0.15327960948843225,0.12074293597765852,0.07869767658331986
PERC,VERAO,3,2020-01-01,0.13687163694906954,0.10457126268418793,0.027271226829889313
PERC,VERAO,4,2020-01-01,0.12357852024388483,0.10136813652723234,0.025192907017892178
PERC,VERAO,5,2020-01-08,0.12830574821126706,0.11160300112541427,0.025645343071075636
PERC,VERAO,6,2020-01-08,0.11531262173994446,0.09815245922878321,0.024253616252972357
PERC,VERAO,7,2020-01-08,0.12169252356694486,0.10506413862549525,0.033123403983363046
PERC,VERAO,8,2020-01-08,0.11253635323609568,0.10550675210053441,0.025371457116795944
PERC,VERAO,9,2020-01-08,0.13555216178218796,0.10608003202043884,0.028141462149730522
PERC,VERAO,10,2020-01-08,0.1196682597715034,0.10141321100776894,0.024399103739568606
PERC,VERAO,11,2020-01-08,0.12352698999092736,0.10259269274661811,0.02810615029068393
PERC,VERAO,12,2020-01-15,0.14170955747806518,0.11498601557646494,0.0292623825042798
PERC,VERAO,13,2020-01-15,0.12782462897937366,0.11140636229455242,0.0316419920566075
PERC,VERAO,14,2020-01-15,0.14463767444872003,0.14296518925745083,0.06460668747146173
PERC,VERAO,15,2020-01-15,0.12349819862850754,0.10982472877584545,0.03342051731221004
PERC,VERAO,16,2020-01-15,0.11018702888928102,0.11140289631549498,0.03180523818728424
PERC,VERAO,17,2020-01-15,0.12844193321489553,0.09905749464628752,0.02640341143645407
PERC,VERAO,18,2020-01-15,0.11818906986598574,0.09380641752070872,0.02905957431216862
PERC,VERAO,19,2020-01-22,0.12782304064366143,0.08294355746581812,0.030081481924456654
PERC,VERAO,20,2020-01-22,0.10983121366352039,0.08757956281814433,0.027969874325947584
PERC,VERAO,21,2020-01-22,0.1187924032850185,0.09284919401385494,0.031003307479334944
PERC,VERAO,22,2020-01-22,0.13172246690612396,0.10823770811909315,0.0316971266940362
PERC,VERAO,23,2020-01-22,0.11582033752353693,0.08517099484562694,0.02759267671813414
PERC,VERAO,24,2020-01-22,0.12131757305458996,0.0962503395765287,0.02732800108698623
PERC,VERAO,25,2020-01-22,0.10986370629758842,0.0950653403897339,0.02939999979532583
PERC,VERAO,26,2020-01-29,0.11653496010642006,0.1087960504040381,0.03438982964924777
PERC,VERAO,27,2020-01-29,0.1100137117145665,0.09052382171078881,0.02574716811366845
PERC,VERAO,28,2020-01-29,0.10771198515386807,0.10506399829809467,0.02971214083122566
PERC,VERAO,29,2020-01-29,0.12109337403361256,0.10150405820607102,0.029679085230641198
PERC,VERAO,30,2020-01-29,0.1218464754360723,0.09389459196127098,0.028247701350324707
PERC,VERAO,31,2020-01-29,0.11830883933397787,0.10399188801934692,0.026449492204023546
ONRJ,VERAO,1,2020-01-01,0.10370938886701517,0.11061667516238745,0.05352307029742369
ONRJ,VERAO,2,2020-01-01,0.10197629628701177,0.09850685908040033,0.0424492437152943
ONRJ,VERAO,3,2020-01-01,0.09783545185208017,0.10269405753383892,0.04216798485221561
ONRJ,VERAO,4,2020-01-01,0.08262658463032178,0.11179916590943723,0.045672867096372784
ONRJ,VERAO,5,2020-01-08,0.09655146482101297,0.10144882466474939,0.05610528131356343
ONRJ,VERAO,6,2020-01-08,0.1052976047408559,0.09110951235385797,0.05642342042838371
ONRJ,VERAO,7,2020-01-08,0.0860638692952315,0.1041559676838281,0.047891798520508386
ONRJ,VERAO,8,2020-01-08,0.10521457811782467,0.10247890302900926,0.06572886107373889
ONRJ,VERAO,9,2020-01-08,0.09709145934928357,0.09251760044702888,0.05299573555413796
ONRJ,VERAO,10,2020-01-08,0.09020665380892628,0.10153854885864035,0.05034925554836164
ONRJ,VERAO,11,2020-01-08,0.09687761958294448,0.11146699150673765,0.05223290379634782
ONRJ,VERAO,12,2020-01-15,0.10500916479522279,0.1208025808845995,0.05524115187679841
ONRJ,VERAO,13,2020-01-15,0.09736484215042239,0.10807739237335057,0.06350167411644492
ONRJ,VERAO,14,2020-01-15,0.09160318027575567,0.1181862976528426,0.06991250201116231
ONRJ,VERAO,15,2020-01-15,0.07815102398049015,0.10257815522240281,0.051167813151318166
ONRJ,VERAO,16,2020-01-15,0.07963541495851953,0.10257894604628763,0.05418259583643332
ONRJ,VERAO,17,2020-01-15,0.1024552704634385,0.1114660729540113,0.05888385614199557
ONRJ,VERAO,18,2020-01-15,0.09080820499039681,0.09735122563638403,0.05293262174358554
ONRJ,VERAO,19,2020-01-22,0.08441937490825416,0.09361965813256716,0.050275318567286426
ONRJ,VERAO,20,2020-01-22,0.08830575767290111,0.0946825846702341,0.058046243506083825
ONRJ,VERAO,21,2020-01-22,0.0810319166041888,0.07949910694885669,0.051002314817482575
ONRJ,VERAO,22,2020-01-22,0.07684783834541399,0.0948470915161356,0.05985750501507329
ONRJ,VERAO,23,2020-01-22,0.07976913635969499,0.0936177571390745,0.0568826711781633
ONRJ,VERAO,24,2020-01-22,0.07792947128329407,0.09462838374385953,0.05183125174552779
ONRJ,VERAO,25,2020-01-22,0.08013604238676822,0.09794429640987154,0.05379669171909533
ONRJ,VERAO,26,2020-01-29,0.08650918996572213,0.10352424039599668,0.06118890342093497
ONRJ,VERAO,27,2020-01-29,0.08070264298423514,0.08657502218776553,0.05832368933284367
ONRJ,VERAO,28,2020-01-29,0.07763772113976235,0.10023048442527771,0.06011377349829864
ONRJ,VERAO,29,2020-01-29,0.08443712655764261,0.08953824773045549,0.058312477096279694
ONRJ,VERAO,30,2020-01-29,0.0922513543296249,0.09164843144893006,0.0526315870596393
ONRJ,VERAO,31,2020-01-29,0.08694688976933661,0.09804586938498616,0.05647686151622988
SSA1,VERAO,1,2020-01-01,0.11261822169173455,0.09612696700918438,0.029792133551869233
SSA1,VERAO,2,2020-01-01,0.1103980866783861,0.10493661034730183,0.030830787706708385
SSA1,VERAO,3,2020-01-01,0.11125314812732255,0.10476586090671046,0.028241902410360266
SSA1,VERAO,4,2020-01-01,0.099696304851144,0.09870716527058407,0.027731385759684864
SSA1,VERAO,5,2020-01-08,0.11266117686443095,0.09794881899006239,0.02870968975611393
SSA1,VERAO,6,2020-01-08,0.09294948340529147,0.09300827194955741,0.02470240126834812
SSA1,VERAO,7,2020-01-08,0.09875077014551994,0.09377871763325478,0.027486040094818184
SSA1,VERAO,8,2020-01-08,0.10450586314131992,0.09109985145362377,0.032323426111513516
SSA1,VERAO,9,2020-01-08,0.09561122760532874,0.09030596620672629,0.024558861079847085
SSA1,VERAO,10,2020-01-08,0.10651441003433408,0.09486785777400011,0.02663151877863806
SSA1,VERAO,11,2020-01-08,0.09080086913218781,0.09466102718082611,0.036829259138580754
SSA1,VERAO,12,2020-01-15,0.1018852392368577,0.09394300691205697,0.03395068790488396
SSA1,VERAO,13,2020-01-15,0.1086879157420705,0.10375188682421307,0.046301744527140004
SSA1,VERAO,14,2020-01-15,0.09423185194090737,0.09308193470684493,0.04173603443870113
SSA1,VERAO,15,2020-01-15,0.10833252793984606,0.09828659844943968,0.0380184967220742
SSA1,VERAO,16,2020-01-15,0.10637639857164939,0.09882179956312237,0.037352857895977136
SSA1,VERAO,17,2020-01-15,0.1049305569340315,0.0837047495343814,0.03516598157817415
SSA1,VERAO,18,2020-01-15,0.10300296255007599,0.08698265685652756,0.03516568561593359
SSA1,VERAO,19,2020-01-22,0.10100567303606856,0.07740757383411945,0.02895046510386443
SSA1,VERAO,20,2020-01-22,0.10222640513942312,0.09697936361459329,0.04826737440230602
SSA1,VERAO,21,2020-01-22,0.08144659605643037,0.0732204361104531,0.02852081600872924
SSA1,VERAO,22,2020-01-22,0.10286431437798184,0.08565881156656752,0.034010315340402525
SSA1,VERAO,23,2020-01-22,0.09973684278006989,0.07985112519256676,0.033062822233719286
SSA1,VERAO,24,2020-01-22,0.10084438712869609,0.08441567681496333,0.028008149426340223
SSA1,VERAO,25,2020-01-22,0.09556105001379393,0.09334882601502893,0.03813829151147991
SSA1,VERAO,26,2020-01-29,0.10778257981930725,0.09235669227214001,0.038563551560504485
SSA1,VERAO,27,2020-01-29,0.0883736119204261,0.0800403815819886,0.03098517023199683
SSA1,VERAO,28,2020-01-29,0.10454482791097493,0.09780708190806874,0.03281488404278989
SSA1,VERAO,29,2020-01-29,0.10787581420281067,0.10364339043258192,0.03849962104136988
SSA1,VERAO,30,2020-01-29,0.10164731911986914,0.0732604419951064,0.03058529567875545
SSA1,VERAO,31,2020-01-29,0.09881719249866618,0.08556801995297104,0.028776189623109287
SAGA,VERAO,1,2020-01-01,0.09410280168863831,0.17121958722009334,0.03287912035854132
SAGA,VERAO,2,2020-01-01,0.10090220705932997,0.1733114623511422,0.03008684386251953
SAGA,VERAO,3,2020-01-01,0.07781316720273025,0.16398662055142596,0.030356354959930165
SAGA,VERAO,4,2020-01-01,0.07813018217054711,0.1643783570380579,0.03157415395403982
SAGA,VERAO,5,2020-01-08,0.11024629119639746,0.26168460694237233,0.05038209695663948
SAGA,VERAO,6,2020-01-08,0.07546027420800794,0.14884222813365222,0.03387250470517887
SAGA,VERAO,7,2020-01-08,0.08300374541887308,0.19006308483156037,0.03816187558174443
SAGA,VERAO,8,2020-01-08,0.0884226571527867,0.16776602931957,0.03724076354541953
SAGA,VERAO,9,2020-01-08,0.09210858482350151,0.16177926410315496,0.03618721944817278
SAGA,VERAO,10,2020-01-08,0.07079574186864289,0.16418326468992533,0.0338608485816226
SAGA,VERAO,11,2020-01-08,0.08422969684889653,0.15688011814362832,0.03143679895399432
SAGA,VERAO,12,2020-01-15,0.08225061129253908,0.16258931541300625,0.037609654673421346
SAGA,VERAO,13,2020-01-15,0.07827380625671383,0.1490231241813907,0.03355882246609056
SAGA,VERAO,14,2020-01-15,0.0541632463118253,0.15828730227551796,0.037329332353234775
SAGA,VERAO,15,2020-01-15,0.056481599499475156,0.1460315241555211,0.03645624187347733
SAGA,VERAO,16,2020-01-15,0.07219837032564679,0.19362015821697295,0.0359095712200779
SAGA,VERAO,17,2020-01-15,0.08238290198781922,0.1588526771680715,0.03444455086635026
SAGA,VERAO,18,2020-01-15,0.06433556082661096,0.14012563262392816,0.032574623686112004
SAGA,VERAO,19,2020-01-22,0.05587180771772298,0.1580310837385783,0.03608420601330431
SAGA,VERAO,20,2020-01-22,0.05461764076495578,0.17602965974843945,0.04171250474476641
SAGA,VERAO,21,2020-01-22,0.05313840920726395,0.14834033942550173,0.03187123769734228
SAGA,VERAO,22,2020-01-22,0.049269541999096264,0.15363870079674868,0.040265955602159585
SAGA,VERAO,23,2020-01-22,0.054181870141796776,0.15795927949412447,0.03222524940642004
SAGA,VERAO,24,2020-01-22,0.05945451241134251,0.18226772361009627,0.03607271329473634
SAGA,VERAO,25,2020-01-22,0.08410670346807514,0.18202625587107787,0.04582526839649432
SAGA,VERAO,26,2020-01-29,0.0847361219057156,0.19926185702181193,0.04793720089000309
SAGA,VERAO,27,2020-01-29,0.06096021564064425,0.1955335446863064,0.03970189970618027
SAGA,VERAO,28,2020-01-29,0.057079370329477894,0.1851075966247986,0.041940923316167236
SAGA,VERAO,29,2020-01-29,0.0617118953457111,0.17415110459500166,0.035362997421702555
SAGA,VERAO,30,2020-01-29,0.06272606458510575,0.1608696798084414,0.03141002317025738
SAGA,VERAO,31,2020-01-29,0.05731239297178452,0.15190083264617796,0.03928442236891575
POLI,VERAO,1,2020-01-01,0.1251797074581518,0.1279297521591135,0.05930315841456399
POLI,VERAO,2,2020-01-01,0.13090742830788213,0.14138911377036825,0.06293388867040856
POLI,VERAO,3,2020-01-01,0.11734475273000383,0.12584978904064925,0.05552561180137505
POLI,VERAO,4,2020-01-01,0.12144955848494496,0.12727176652352692,0.053372807614837536
POLI,VERAO,5,2020-01-08,0.11432448553895581,0.13258499810784038,0.06307956921411514
POLI,VERAO,6,2020-01-08,0.10499522759602185,0.11095639256499046,0.06077863541131123
POLI,VERAO,7,2020-01-08,0.11436541238493121,0.13509871025560108,0.06959918502066434
POLI,VERAO,8,2020-01-08,0.115669715497435,0.14132727090780112,0.07009902772671017
POLI,VERAO,9,2020-01-08,0.14334927092462718,0.13468875050696416,0.07048528578472318
POLI,VERAO,10,2020-01-08,0.10214324007669179,0.12712696353667266,0.05964111811053273
POLI,VERAO,11,2020-01-08,0.10342290627006771,0.1260997589456911,0.059699109667158384
POLI,VERAO,12,2020-01-15,0.12101585168957034,0.1297979774110761,0.0630683323025004
POLI,VERAO,13,2020-01-15,0.09570059027933997,0.12888803538912602,0.060906958265807
POLI,VERAO,14,2020-01-15,0.10373103162247753,0.13610783750342023,0.07583185725504842
POLI,VERAO,15,2020-01-15,0.10252184609508963,0.1254371379664109,0.06247836313114673
POLI,VERAO,16,2020-01-15,0.09082037690698899,0.12798022674307147,0.07015020876143989
POLI,VERAO,17,2020-01-15,0.10924283627865318,0.12202482202205944,0.06435428070895552
POLI,VERAO,18,2020-01-15,0.10142637909537025,0.11465574456621225,0.05904778735637201
POLI,VERAO,19,2020-01-22,0.09465146620256278,0.10300292698131629,0.05440529859905018
POLI,VERAO,20,2020-01-22,0.09715745370022806,0.11720091971285007,0.058941552184393425
POLI,VERAO,21,2020-01-22,0.09802337593907613,0.11781381022952639,0.05733174417361079
POLI,VERAO,22,2020-01-22,0.08637010494456737,0.11597889327303589,0.06667593273546932
POLI,VERAO,23,2020-01-22,0.0915589035856754,0.1129819598996214,0.06368837986796205
POLI,VERAO,24,2020-01-22,0.09197388876606474,0.12110050532510144,0.0632284125124647
POLI,VERAO,25,2020-01-22,0.08980626447429112,0.11730945911991601,0.06140705754363149
POLI,VERAO,26,2020-01-29,0.09185027185789603,0.11930775592921827,0.060435092070080056
POLI,VERAO,27,2020-01-29,0.08551572977265023,0.10586238253118727,0.06037704615711349
POLI,VERAO,28,2020-01-29,0.08553152672966667,0.11899452323654931,0.05958601644896931
POLI,VERAO,29,2020-01-29,0.08441830646969038,0.10922760922268875,0.06206537520810079
POLI,VERAO,30,2020-01-29,0.09301384379154953,0.11768673292123173,0.06464587792809835
POLI,VERAO,31,2020-01-29,0.08387222968529552,0.1215931621658524,0.06325001583344937
BRAZ,INVERNO,183,2020-07-01,0.09549071728051747,0.15906239190945404,0.054480096301176804
BRAZ,INVERNO,184,2020-07-01,0.0901026415577585,0.15417390251515373,0.05668402239027028
BRAZ,INVERNO,185,2020-07-01,0.09445806184795688,0.15730837187100377,0.05765149914397728
BRAZ,INVERNO,186,2020-07-01,0.08785978823730799,0.16039868509770558,0.05850541244377698
BRAZ,INVERNO,187,2020-07-08,0.09456934357014635,0.16243984311091475,0.05401458244478287
BRAZ,INVERNO,188,2020-07-08,0.09491773193780369,0.16937652939539483,0.057119384008373415
BRAZ,INVERNO,189,2020-07-08,0.0898071104918513,0.16120087051840648,0.05573891107021679
BRAZ,INVERNO,190,2020-07-08,0.09190099635520638,0.1662918180336277,0.05579166920399036
BRAZ,INVERNO,191,2020-07-08,0.09645053724501056,0.22062271915575601,0.0693941020254437
BRAZ,INVERNO,192,2020-07-08,0.09032606163265983,0.1741908066586753,0.05578759979704698
BRAZ,INVERNO,193,2020-07-08,0.10509073254203541,0.17161189595117904,0.061575805994151626
BRAZ,INVERNO,194,2020-07-15,0.10314375462486565,0.17874617624866923,0.06303251295250098
BRAZ,INVERNO,195,2020-07-15,0.09680918134590243,0.1878638145493803,0.06246198732073233
BRAZ,INVERNO,196,2020-07-15,0.09497257778691859,0.1855383354180223,0.05463677115051069
BRAZ,INVERNO,197,2020-07-15,0.10067417056371755,0.17187139954009664,0.056677537430495854
BRAZ,INVERNO,198,2020-07-15,0.10039291294681547,0.18225396918581988,0.055574984132669036
BRAZ,INVERNO,199,2020-07-15,0.10286351972068224,0.18425548518006804,0.06112996383074736
BRAZ,INVERNO,200,2020-07-15,0.10610986559768038,0.18407025944396638,0.06337403970457497
BRAZ,INVERNO,201,2020-07-22,0.10995286010193182,0.19496534718890318,0.059223497782833735
BRAZ,INVERNO,202,2020-07-22,0.11363930184039195,0.19026579854349576,0.0581554642652884
BRAZ,INVERNO,203,2020-07-22,0.10816915093886365,0.18226890125829967,0.059270677757663655
BRAZ,INVERNO,204,2020-07-22,0.10919581827303637,0.19300027604358302,0.061760567294711216
BRAZ,INVERNO,205,2020-07-22,0.14014026977171895,0.20345959244592415,0.07789006084915824
BRAZ,INVERNO,206,2020-07-22,0.10789036588429958,0.18365160509420356,0.05758426731144318
BRAZ,INVERNO,207,2020-07-22,0.11449377411741987,0.1987202168987572,0.054920522636892885
BRAZ,INVERNO,208,2020-07-29,0.10997244010221326,0.2116913519028767,0.05701003412531616
BRAZ,INVERNO,209,2020-07-29,0.11445146718475815,0.2026031143748681,0.06013147067246687
BRAZ,INVERNO,210,2020-07-29,0.11756551706818746,0.19123717602560697,0.05601424017303075
BRAZ,INVERNO,211,2020-07-29,0.11149280520893944,0.1999660543733652,0.059142795437704586
BRAZ,INVERNO,212,2020-07-29,0.10012943158217678,0.16339635634998914,0.057731646017454105
BRAZ,INVERNO,213,2020-07-29,0.10168015911445882,0.19617505873390834,0.054141537648209705
CUIB,INVERNO,183,2020-07-01,0.0811661404792226,0.17122263764386278,0.06480521329568008
CUIB,INVERNO,184,2020-07-01,0.0805595984369925,0.16739453806688115,0.06602571112518406
CUIB,INVERNO,185,2020-07-01,0.07405129120451415,0.16629013813732424,0.07098513927589024
CUIB,INVERNO,186,2020-07-01,0.07866763553877633,0.1736498579143032,0.07093962937549547
CUIB,INVERNO,187,2020-07-08,0.07850575682828281,0.17084898413087607,0.06568325991755081
CUIB,INVERNO,188,2020-07-08,0.0867599327595207,0.17198032516167572,0.06734384804614897
CUIB,INVERNO,189,2020-07-08,0.08276731456668933,0.17114849613723507,0.06626343280708125
CUIB,INVERNO,190,2020-07-08,0.07472593510231695,0.17562745551117753,0.06475434637253596
CUIB,INVERNO,191,2020-07-08,0.07681379146638144,0.21655049662696502,0.07001789430600085
CUIB,INVERNO,192,2020-07-08,0.08641021589408684,0.17349245514429118,0.06789388907275701
CUIB,INVERNO,193,2020-07-08,0.09218709286110346,0.1702994318449616,0.07027543245100736
CUIB,INVERNO,194,2020-07-15,0.09665742763685756,0.18248167470404456,0.07482025427513053
CUIB,INVERNO,195,2020-07-15,0.08862215160364599,0.1721641748795855,0.072438011677505
CUIB,INVERNO,196,2020-07-15,0.08741622327311603,0.18180628282328884,0.06650531117356012
CUIB,INVERNO,197,2020-07-15,0.09752394357500843,0.17107212381990156,0.07323759500512239
CUIB,INVERNO,198,2020-07-15,0.08770740013325751,0.17117859596761928,0.06760129943116379
CUIB,INVERNO,199,2020-07-15,0.0954750671006747,0.18321189709875668,0.07158628300355423
CUIB,INVERNO,200,2020-07-15,0.09125641554341196,0.18264772572207996,0.07453241557009024
CUIB,INVERNO,201,2020-07-22,0.10379936723483033,0.18431095702298642,0.074085345270133
CUIB,INVERNO,202,2020-07-22,0.09038672327442647,0.18662706006040386,0.07055034866948566
CUIB,INVERNO,203,2020-07-22,0.08332366831411471,0.17842412818119865,0.07028993853599731
CUIB,INVERNO,204,2020-07-22,0.08716693891777529,0.18323045484071693,0.0738411844936232
CUIB,INVERNO,205,2020-07-22,0.09404268855442437,0.1866456931206641,0.07069571355646817
CUIB,INVERNO,206,2020-07-22,0.08411815576008261,0.18115838010123145,0.07241885890950633
CUIB,INVERNO,207,2020-07-22,0.0946827593454307,0.19060576595392734,0.06560237369423828
CUIB,INVERNO,208,2020-07-29,0.08807834031486673,0.2039052999894565,0.06685409643956725
CUIB,INVERNO,209,2020-07-29,0.09910542441615558,0.18792739233617675,0.07692266114236797
CUIB,INVERNO,210,2020-07-29,0.09147137598951266,0.19336834462107133,0.06793003033842569
CUIB,INVERNO,211,2020-07-29,0.08523577464394243,0.20076447704142686,0.07230763166208332
CUIB,INVERNO,212,2020-07-29,0.086349684612966,0.17900058245343756,0.0693329798823464
CUIB,INVERNO,213,2020-07-29,0.08607846752804799,0.1966192451438584,0.06961233790725853
UFPR,INVERNO,183,2020-07-01,0.07430360931322309,0.18549493878671428,0.0828904007752353
UFPR,INVERNO,184,2020-07-01,0.06860141728617179,0.18971856596340403,0.08886524978917712
UFPR,INVERNO,185,2020-07-01,0.07283488192794602,0.2038118839171721,0.09959032704668616
UFPR,INVERNO,186,2020-07-01,0.07895274625899126,0.19630081889958143,0.09098033046703018
UFPR,INVERNO,187,2020-07-08,0.0801500599538012,0.1876578517413921,0.08890100652892441
UFPR,INVERNO,188,2020-07-08,0.09622055474299132,0.19964844284416858,0.09553495444805091
UFPR,INVERNO,189,2020-07-08,0.08701427688803537,0.1820494641486309,0.08994542910401225
UFPR,INVERNO,190,2020-07-08,0.07983660347199083,0.17909606317579602,0.08896176478230981
UFPR,INVERNO,191,2020-07-08,0.12329062625287775,0.2163968292149638,0.105135706413285
UFPR,INVERNO,192,2020-07-08,0.08323156418730014,0.2005317329974774,0.09079500372780845
UFPR,INVERNO,193,2020-07-08,0.08364504015795175,0.20416680487486444,0.09546543064570226
UFPR,INVERNO,194,2020-07-15,0.0859099131819771,0.20380784849487374,0.09261218842212805
UFPR,INVERNO,195,2020-07-15,0.0869843263080719,0.20456767997130254,0.08711785379474957
UFPR,INVERNO,196,2020-07-15,0.08320676414533197,0.20195006614848102,0.09186583945801866
UFPR,INVERNO,197,2020-07-15,0.10248083007981933,0.20156397199819173,0.08946761715331607
UFPR,INVERNO,198,2020-07-15,0.08764630795405456,0.19451191158938572,0.08425097075171159
UFPR,INVERNO,199,2020-07-15,0.08777849398513292,0.202488218689224,0.09091457884805208
UFPR,INVERNO,200,2020-07-15,0.08681041723612185,0.20773470850103906,0.08900769741686546
UFPR,INVERNO,201,2020-07-22,0.09593381015759153,0.22034093481865463,0.08653796774606341
UFPR,INVERNO,202,2020-07-22,0.10224559460422679,0.24740769802240156,0.08763098413334745
UFPR,INVERNO,203,2020-07-22,0.1104031361157305,0.22811895214262365,0.09412550836553747
UFPR,INVERNO,204,2020-07-22,0.1032269017478312,0.24072965687704914,0.09130266265630652
UFPR,INVERNO,205,2020-07-22,0.08593974338748811,0.20236871481980617,0.0858063463595895
UFPR,INVERNO,206,2020-07-22,0.09174109605453808,0.19843079964942853,0.08811194076165986
UFPR,INVERNO,207,2020-07-22,0.10976297012361369,0.2259750355823102,0.08536226007257351
UFPR,INVERNO,208,2020-07-29,0.09498630893798904,0.23464357032782981,0.08709536019806602
UFPR,INVERNO,209,2020-07-29,0.09587964796392733,0.2251674508953979,0.08975974996682547
UFPR,INVERNO,210,2020-07-29,0.09800855894758712,0.22735643740452688,0.09222185636390111
UFPR,INVERNO,211,2020-07-29,0.10532918112848477,0.2582992775010046,0.09806798426888397
UFPR,INVERNO,212,2020-07-29,0.08531123511669664,0.18845273846557792,0.07991446175086327
UFPR,INVERNO,213,2020-07-29,0.09032229931864962,0.21673486979959408,0.08678968463788898
NAUS,INVERNO,183,2020-07-01,0.08834737547086237,0.14547601535096377,0.03319361696187189
NAUS,INVERNO,184,2020-07-01,0.08412301825810374,0.15123919622785334,0.04012985695792036
NAUS,INVERNO,185,2020-07-01,0.09363442409700344,0.14834043711823736,0.03393982540842283
NAUS,INVERNO,186,2020-07-01,0.07902148884924576,0.16531884770488392,0.033578051271197916
NAUS,INVERNO,187,2020-07-08,0.07842675694647984,0.14889370148347017,0.03596682540459263
NAUS,INVERNO,188,2020-07-08,0.08959485588803902,0.16822218477517548,0.034147421465531555
NAUS,INVERNO,189,2020-07-08,0.09150299141084459,0.17321427409039997,0.03858156717289475
NAUS,INVERNO,190,2020-07-08,0.08213633005503629,0.1793676857152933,0.034035067977211717
NAUS,INVERNO,191,2020-07-08,0.08420936438518459,0.20946877005805356,0.04120379260227347
NAUS,INVERNO,192,2020-07-08,0.08286056781488021,0.1757248348262817,0.04294392711192609
NAUS,INVERNO,193,2020-07-08,0.09528565460779051,0.16990146672684134,0.04191846320218627
NAUS,INVERNO,194,2020-07-15,0.09317643838414721,0.1781764215205481,0.048424038146172695
NAUS,INVERNO,195,2020-07-15,0.09148127191755583,0.17545067111992224,0.0515099939887127
NAUS,INVERNO,196,2020-07-15,0.08669418150665986,0.20391044966110838,0.03448499154568406
NAUS,INVERNO,197,2020-07-15,0.0958533330326782,0.16244596938030212,0.0354082906682275
NAUS,INVERNO,198,2020-07-15,0.09175086629883189,0.18904708727052527,0.040157078875580135
NAUS,INVERNO,199,2020-07-15,0.08665475484069979,0.19099909790574035,0.032449761034914086
NAUS,INVERNO,200,2020-07-15,0.09644314611688203,0.1883306338607977,0.039042499165190335
NAUS,INVERNO,201,2020-07-22,0.09416496133034409,0.1777986934292055,0.03293748498726674
NAUS,INVERNO,202,2020-07-22,0.0966550103483522,0.17661014251063667,0.03657611142914493
NAUS,INVERNO,203,2020-07-22,0.09534023155152024,0.17455687854295235,0.0348626622487867
NAUS,INVERNO,204,2020-07-22,0.08940091972465393,0.1812115752727723,0.030259247912709543
NAUS,INVERNO,205,2020-07-22,0.09526294877079454,0.18771581625761646,0.036792687375015905
NAUS,INVERNO,206,2020-07-22,0.094040355064667,0.17049957274681093,0.039989283200395326
NAUS,INVERNO,207,2020-07-22,0.09767025861641741,0.18410260127405814,0.02833249938205367
NAUS,INVERNO,208,2020-07-29,0.09860349382538537,0.17859844297758545,0.03116718705789618
NAUS,INVERNO,209,2020-07-29,0.09484757309188196,0.19391984608892543,0.03280137913939235
NAUS,INVERNO,210,2020-07-29,0.1018484541029489,0.17717821306195083,0.0327929818428405
NAUS,INVERNO,211,2020-07-29,0.09482183161655731,0.1810848445421306,0.03716398342215842
NAUS,INVERNO,212,2020-07-29,0.0981022847189715,0.17162993478265254,0.034241233000874664
NAUS,INVERNO,213,2020-07-29,0.09396692408464816,0.18939077866049453,0.027289430527991744
POAL,INVERNO,183,2020-07-01,0.0746497477885544,0.17970014820631872,0.08851178547616391
POAL,INVERNO,184,2020-07-01,0.06784936342205831,0.18145553745938295,0.10388242268650251
POAL,INVERNO,185,2020-07-01,0.07245840568220804,0.18354280644023066,0.10669855563460814
POAL,INVERNO,186,2020-07-01,0.07982760086519415,0.17715499957925449,0.09398341095675962
POAL,INVERNO,187,2020-07-08,0.08252519111479732,0.17267083129122293,0.09819225318820514
POAL,INVERNO,188,2020-07-08,0.09439088621160016,0.17804196414718462,0.09586960450470744
POAL,INVERNO,189,2020-07-08,0.09639671687621328,0.15338903412775157,0.09366652333525821
POAL,INVERNO,190,2020-07-08,0.07890869082904241,0.16543060754674155,0.09292251624431794
POAL,INVERNO,191,2020-07-08,0.12158927630951206,0.17029467945394358,0.10304321538775553
POAL,INVERNO,192,2020-07-08,0.08035134607744081,0.1725520121526,0.09144387191984833
POAL,INVERNO,193,2020-07-08,0.08938247325724807,0.17715507469099112,0.09474983743881993
POAL,INVERNO,194,2020-07-15,0.08822135656192996,0.17936595914676956,0.09757646968073383
POAL,INVERNO,195,2020-07-15,0.08004129032568516,0.190307007006614,0.09250840061592738
POAL,INVERNO,196,2020-07-15,0.07114382725699724,0.17699325723347034,0.08550858865149716
POAL,INVERNO,197,2020-07-15,0.08745863832021994,0.18967624755417975,0.09381436700091686
POAL,INVERNO,198,2020-07-15,0.0857455675549252,0.1826297565478397,0.09603469754636035
POAL,INVERNO,199,2020-07-15,0.086970999858052,0.1920247443675048,0.09879581764193252
POAL,INVERNO,200,2020-07-15,0.08907472400807444,0.18733716509772225,0.10130373219720423
POAL,INVERNO,201,2020-07-22,0.09184030117201526,0.20301417840793998,0.09986291864726407
POAL,INVERNO,202,2020-07-22,0.08056290576578995,0.19357541241927928,0.09040873282484108
POAL,INVERNO,203,2020-07-22,0.083378171003372,0.1972160403061096,0.09396696419740523
POAL,INVERNO,204,2020-07-22,0.08705608599057699,0.20881885067478048,0.09873388743965476
POAL,INVERNO,205,2020-07-22,0.08743548383919764,0.17972004241509068,0.0870544983091557
POAL,INVERNO,206,2020-07-22,0.08500054592872106,0.17997615055006247,0.09395676362678343
POAL,INVERNO,207,2020-07-22,0.09382892555727257,0.19366187698838608,0.08908445849844877
POAL,INVERNO,208,2020-07-29,0.08789471426350232,0.2069378092366408,0.09372089407464541
POAL,INVERNO,209,2020-07-29,0.09237064029480642,0.2051187271741544,0.10749392449953428
POAL,INVERNO,210,2020-07-29,0.09485650765709483,0.17566410902638308,0.09638361328583923
POAL,INVERNO,211,2020-07-29,0.0890932733120397,0.20902081534774586,0.09112376205713718
POAL,INVERNO,212,2020-07-29,0.07505711883211122,0.17687662092521114,0.08203722377904518
POAL,INVERNO,213,2020-07-29,0.07947380407711581,0.1738286193183345,0.09452568172498951
PERC,INVERNO,183,2020-07-01,0.13011649414800736,0.11936684214044001,0.04315355013961316
PERC,INVERNO,184,2020-07-01,0.11639938305794312,0.10749614615685266,0.039009118266868155
PERC,INVERNO,185,2020-07-01,0.12574495688789225,0.09536268953319757,0.04479790414923542
PERC,INVERNO,186,2020-07-01,0.11102855104450052,0.10180767500037885,0.04378282374739704
PERC,INVERNO,187,2020-07-08,0.09988101980867678,0.09823436085386328,0.0429555860484689
PERC,INVERNO,188,2020-07-08,0.10280072565095602,0.10669457499069966,0.04463058046347172
PERC,INVERNO,189,2020-07-08,0.12769916485975671,0.10183107719001805,0.04130654145374797
PERC,INVERNO,190,2020-07-08,0.11879959050532146,0.10797520815240355,0.05300743378245127
PERC,INVERNO,191,2020-07-08,0.11359717863733647,0.12132928959900578,0.056921506942573516
PERC,INVERNO,192,2020-07-08,0.11643735087063894,0.1111805895601112,0.044580067436115374
PERC,INVERNO,193,2020-07-08,0.14682684041253852,0.11397917338740482,0.04583856678199004
PERC,INVERNO,194,2020-07-15,0.11996740856058892,0.12007364126167534,0.04816965948308507
PERC,INVERNO,195,2020-07-15,0.12465814248781466,0.12217972059348078,0.04423729907134613
PERC,INVERNO,196,2020-07-15,0.12049161361360458,0.12317414018691691,0.03872183728732335
PERC,INVERNO,197,2020-07-15,0.11305978174457937,0.11866226287147709,0.04736593379463465
PERC,INVERNO,198,2020-07-15,0.12070315918888273,0.10988422288961651,0.04311769473945931
PERC,INVERNO,199,2020-07-15,0.11593804791949436,0.13349195643702697,0.038472168307741035
PERC,INVERNO,200,2020-07-15,0.11568223165979986,0.11810985980121637,0.04245922404104377
PERC,INVERNO,201,2020-07-22,0.11048489678145862,0.1349333066875949,0.03887382199887068
PERC,INVERNO,202,2020-07-22,0.12218851919447604,0.12913265635090668,0.0475619911056685
PERC,INVERNO,203,2020-07-22,0.11374955196165012,0.13839525656971224,0.03957493427978303
PERC,INVERNO,204,2020-07-22,0.12161334575539762,0.13470914991696467,0.04382418409924323
PERC,INVERNO,205,2020-07-22,0.12195554513512673,0.12820347991610737,0.042668000104483815
PERC,INVERNO,206,2020-07-22,0.11425157962488838,0.11497746240830706,0.0457757620296912
PERC,INVERNO,207,2020-07-22,0.12301315063907135,0.13710503549910785,0.045306862550200666
PERC,INVERNO,208,2020-07-29,0.12982328579439215,0.14227694127371612,0.04302074579611525
PERC,INVERNO,209,2020-07-29,0.12371449347265628,0.14586077973254832,0.03924630616993296
PERC,INVERNO,210,2020-07-29,0.12757348426590776,0.13246361797637712,0.042977985580471584
PERC,INVERNO,211,2020-07-29,0.1318012630181009,0.13836610862700485,0.04555363136541237
PERC,INVERNO,212,2020-07-29,0.11057802534784547,0.12552411777222838,0.04693008092211267
PERC,INVERNO,213,2020-07-29,0.11773386923416879,0.1548809288384566,0.042678776009208594
ONRJ,INVERNO,183,2020-07-01,0.10068633238604541,0.12274946828001256,0.06878477243252491
ONRJ,INVERNO,184,2020-07-01,0.08887696328470396,0.12347932137625757,0.06698090532819935
ONRJ,INVERNO,185,2020-07-01,0.08371827018699798,0.12149449773283387,0.07325732846556358
ONRJ,INVERNO,186,2020-07-01,0.07919067729281891,0.12003304173180056,0.07205208527536211
ONRJ,INVERNO,187,2020-07-08,0.08482619181706542,0.11877145425695329,0.0688844027290627
ONRJ,INVERNO,188,2020-07-08,0.0981723781670869,0.1317473676761877,0.07542381477928947
ONRJ,INVERNO,189,2020-07-08,0.09136185631530035,0.11381511704428769,0.072233066198304
ONRJ,INVERNO,190,2020-07-08,0.08647990106624932,0.11816004018190103,0.07571943766110899
ONRJ,INVERNO,191,2020-07-08,0.11979694424813646,0.14032337719823582,0.09386624738788465
ONRJ,INVERNO,192,2020-07-08,0.09862004648865469,0.12705390615730422,0.07589752678270892
ONRJ,INVERNO,193,2020-07-08,0.08796568054549211,0.12402636880415828,0.07361227554960433
ONRJ,INVERNO,194,2020-07-15,0.09549682522961365,0.13250185579406257,0.079913438022119
ONRJ,INVERNO,195,2020-07-15,0.09854728255799751,0.13519639250145135,0.07619603679335911
ONRJ,INVERNO,196,2020-07-15,0.08890032720150177,0.14093991988992446,0.07420667199804952
ONRJ,INVERNO,197,2020-07-15,0.09909581864297246,0.12370433894929156,0.0745906795141771
ONRJ,INVERNO,198,2020-07-15,0.08720864188940006,0.12425930833405008,0.07144683994502142
ONRJ,INVERNO,199,2020-07-15,0.08190057705484272,0.11902156664515716,0.07441621166971264
ONRJ,INVERNO,200,2020-07-15,0.08272957594535543,0.12454577887190535,0.07472415666647626
ONRJ,INVERNO,201,2020-07-22,0.09369608985297563,0.1384436260139705,0.07498838597210354
ONRJ,INVERNO,202,2020-07-22,0.08838338667187795,0.13293041575208026,0.07089918617650565
ONRJ,INVERNO,203,2020-07-22,0.09222749835051375,0.1274931028563963,0.06948306216670029
ONRJ,INVERNO,204,2020-07-22,0.09641074405794531,0.14595702783714504,0.07319688252834361
ONRJ,INVERNO,205,2020-07-22,0.09181102287898872,0.13249044324349413,0.07044152285226518
ONRJ,INVERNO,206,2020-07-22,0.08336381380555742,0.12549982377551086,0.07270541324430793
ONRJ,INVERNO,207,2020-07-22,0.10733943637353352,0.1523136940992498,0.07051506385628573
ONRJ,INVERNO,208,2020-07-29,0.09589577944610209,0.1565579011743713,0.06909715693171536
ONRJ,INVERNO,209,2020-07-29,0.09608852103101825,0.14508397712454185,0.07191183355509007
ONRJ,INVERNO,210,2020-07-29,0.09385344621610611,0.1316942952529459,0.0671646955144982
ONRJ,INVERNO,211,2020-07-29,0.09812667959163836,0.17404430799112303,0.07397676587161778
ONRJ,INVERNO,212,2020-07-29,0.078997268599903,0.12251536491186282,0.06719915860958056
ONRJ,INVERNO,213,2020-07-29,0.07789752563061034,0.14213864526336906,0.0614539392011361
SSA1,INVERNO,183,2020-07-01,0.11123727587599236,0.0911803183628559,0.043921619680161915
SSA1,INVERNO,184,2020-07-01,0.09572306863093463,0.08673475878948246,0.04058252875609974
SSA1,INVERNO,185,2020-07-01,0.094452904767895,0.0982561537277023,0.046953188998454395
SSA1,INVERNO,186,2020-07-01,0.09090423383060284,0.09509318897319587,0.045137089801242536
SSA1,INVERNO,187,2020-07-08,0.09778445367199698,0.09831315577498459,0.04284552381427043
SSA1,INVERNO,188,2020-07-08,0.1019853470709336,0.09467728546779453,0.04341139237092424
SSA1,INVERNO,189,2020-07-08,0.09019664034868803,0.09607227477531094,0.045679247431595335
SSA1,INVERNO,190,2020-07-08,0.10024167599121972,0.09750560324264035,0.045990088591503456
SSA1,INVERNO,191,2020-07-08,0.12009443379287688,0.1412604695982983,0.07276653775172572
SSA1,INVERNO,192,2020-07-08,0.10895438990870078,0.10644756736620446,0.04866046475373271
SSA1,INVERNO,193,2020-07-08,0.10938044198401112,0.10331596458509694,0.048442366472226134
SSA1,INVERNO,194,2020-07-15,0.10448804575763239,0.10808952894285548,0.053495454838253666
SSA1,INVERNO,195,2020-07-15,0.10717141674095713,0.1254308817006521,0.05778216393689075
SSA1,INVERNO,196,2020-07-15,0.10026482010785884,0.1160826226661674,0.04865697976996815
SSA1,INVERNO,197,2020-07-15,0.1200246015588979,0.1302498153821167,0.05074851896744752
SSA1,INVERNO,198,2020-07-15,0.10626699509912049,0.12665415537232672,0.05414409933610019
SSA1,INVERNO,199,2020-07-15,0.09828730519434511,0.12636386212988995,0.05026961862659184
SSA1,INVERNO,200,2020-07-15,0.10714733046008239,0.12597266895723763,0.05234247696512801
SSA1,INVERNO,201,2020-07-22,0.10288492676098217,0.11656432994802736,0.0499674085034032
SSA1,INVERNO,202,2020-07-22,0.11320448651206239,0.1278021382909857,0.05187435903189035
SSA1,INVERNO,203,2020-07-22,0.10818429118113658,0.1335739033403867,0.05264275049198929
SSA1,INVERNO,204,2020-07-22,0.10393916023518822,0.13362257984524803,0.04664492661655878
SSA1,INVERNO,205,2020-07-22,0.11687062954445171,0.11628604309226483,0.05514430497036288
SSA1,INVERNO,206,2020-07-22,0.09761839085488226,0.10967710244017592,0.05204001238849574
SSA1,INVERNO,207,2020-07-22,0.11694996524643193,0.1259253276354515,0.05579592536578593
SSA1,INVERNO,208,2020-07-29,0.12062858021135982,0.14123796703199523,0.056944394940503455
SSA1,INVERNO,209,2020-07-29,0.10812470971668173,0.15235455133384,0.0510608921939877
SSA1,INVERNO,210,2020-07-29,0.10438242927078627,0.12046647939886453,0.04759215060022952
SSA1,INVERNO,211,2020-07-29,0.11583232080534157,0.14238111411013316,0.05252405780722043
SSA1,INVERNO,212,2020-07-29,0.0950860626253487,0.1152808556852852,0.049738544540217894
SSA1,INVERNO,213,2020-07-29,0.10104389682828376,0.14062411125900667,0.044957404141892095
SAGA,INVERNO,183,2020-07-01,0.06499625817618548,0.20699139888379628,0.044510820235561924
SAGA,INVERNO,184,2020-07-01,0.0652071452809696,0.21393275883788473,0.0494258041719555
SAGA,INVERNO,185,2020-07-01,0.07559269504605913,0.2060532201597369,0.04660973098562606
SAGA,INVERNO,186,2020-07-01,0.06492090258682381,0.22009707925472502,0.054249667081524185
SAGA,INVERNO,187,2020-07-08,0.10512254335741146,0.2231580449983306,0.04454819851128344
SAGA,INVERNO,188,2020-07-08,0.09708372305496545,0.24389675738458985,0.04422953848023288
SAGA,INVERNO,189,2020-07-08,0.07707271394281989,0.2253155435168616,0.043376913750419674
SAGA,INVERNO,190,2020-07-08,0.08873800681310426,0.2201580433725126,0.041091470948360326
SAGA,INVERNO,191,2020-07-08,0.10077285023303975,0.3402183553975785,0.054841223669998676
SAGA,INVERNO,192,2020-07-08,0.0739695636390777,0.22715555445856292,0.04699061124439082
SAGA,INVERNO,193,2020-07-08,0.08083260740041402,0.25910285537247885,0.043411160151165556
SAGA,INVERNO,194,2020-07-15,0.07936105956102861,0.2515369039935534,0.052986172852478225
SAGA,INVERNO,195,2020-07-15,0.08081706374615813,0.2520097142173634,0.05570451162731239
SAGA,INVERNO,196,2020-07-15,0.09227940872014612,0.24380759831612658,0.04538237029606656
SAGA,INVERNO,197,2020-07-15,0.0920964152013689,0.2494748546552308,0.04659732416999081
SAGA,INVERNO,198,2020-07-15,0.07809290288292067,0.26222153362672623,0.04769250544947895
SAGA,INVERNO,199,2020-07-15,0.07708513318743122,0.248091637632835,0.051670064055075
SAGA,INVERNO,200,2020-07-15,0.07241992092703906,0.2362443529855997,0.048039902851470674
SAGA,INVERNO,201,2020-07-22,0.08025823780584357,0.2788515039594104,0.04853135244501907
SAGA,INVERNO,202,2020-07-22,0.09160702175842901,0.3697350124909245,0.053455407850595514
SAGA,INVERNO,203,2020-07-22,0.07974069025071287,0.24326232367955275,0.05906958775815931
SAGA,INVERNO,204,2020-07-22,0.06845568949495481,0.23053964784227174,0.05210605627657015
SAGA,INVERNO,205,2020-07-22,0.08016818017771733,0.23857890711010415,0.05323144620041304
SAGA,INVERNO,206,2020-07-22,0.2735303388756089,0.29129506376608655,0.15036042609713612
SAGA,INVERNO,207,2020-07-22,0.08328548121754371,0.2650878510945215,0.03750229155040132
SAGA,INVERNO,208,2020-07-29,0.07905746438785492,0.2694149780690029,0.04360398056932727
SAGA,INVERNO,209,2020-07-29,0.08116101600956467,0.27843266573327696,0.042446038103265714
SAGA,INVERNO,210,2020-07-29,0.08717527597289547,0.26324806519859284,0.042051680645533496
SAGA,INVERNO,211,2020-07-29,0.09111031230581891,0.2685482094909631,0.04917070636631343
SAGA,INVERNO,212,2020-07-29,0.08153959085565278,0.25972702520462465,0.040776538929482756
SAGA,INVERNO,213,2020-07-29,0.2069972167108611,0.4129530350815623,0.12721792963572595
POLI,INVERNO,183,2020-07-01,0.10608849467553061,0.1708949116044812,0.08040681521132884
POLI,INVERNO,184,2020-07-01,0.10197332878998908,0.17108041177861413,0.08139922673183324
POLI,INVERNO,185,2020-07-01,0.09813570912086576,0.1732909425960624,0.08902964151799476
POLI,INVERNO,186,2020-07-01,0.10033853514080682,0.16796144801812252,0.08472257313963802
POLI,INVERNO,187,2020-07-08,0.10049434392735919,0.16768096447122857,0.08025850278708278
POLI,INVERNO,188,2020-07-08,0.11631215678925837,0.17602639379294946,0.088289274539367
POLI,INVERNO,189,2020-07-08,0.10142042908696665,0.15236712058291121,0.08182120878396935
POLI,INVERNO,190,2020-07-08,0.10254824409183828,0.16469210781297922,0.08715035372926663
POLI,INVERNO,191,2020-07-08,0.13317196504164902,0.18989994537439384,0.09781754921105457
POLI,INVERNO,192,2020-07-08,0.10013623589784824,0.17053431326924223,0.08189376860057124
POLI,INVERNO,193,2020-07-08,0.0982092509199931,0.17437771014703046,0.08146220808712164
POLI,INVERNO,194,2020-07-15,0.11052595978446011,0.17948149173125685,0.08713714423922676
POLI,INVERNO,195,2020-07-15,0.10335237386921667,0.18728923371597023,0.0866037456511299
POLI,INVERNO,196,2020-07-15,0.09529147025811212,0.17059754000804025,0.07513925629014245
POLI,INVERNO,197,2020-07-15,0.10418337380605495,0.17652531608590394,0.08023308959854623
POLI,INVERNO,198,2020-07-15,0.10152009215067498,0.17197010938123036,0.07482446633364137
POLI,INVERNO,199,2020-07-15,0.09563229556580172,0.1798135535913572,0.08044643134765626
POLI,INVERNO,200,2020-07-15,0.09979522140150633,0.17953534956699754,0.0802073888598116
POLI,INVERNO,201,2020-07-22,0.10103777156974107,0.18770293058711682,0.07986255198995064
POLI,INVERNO,202,2020-07-22,0.11466512154405674,0.19281039449946658,0.0767186076734551
POLI,INVERNO,203,2020-07-22,0.11051758129744418,0.18842535043251127,0.07659812660521918
POLI,INVERNO,204,2020-07-22,0.11089184010257526,0.1921543814662547,0.08167431800172788
POLI,INVERNO,205,2020-07-22,0.10577804182487309,0.1829122192443463,0.08109679823175747
POLI,INVERNO,206,2020-07-22,0.10646084343012968,0.17223230145550184,0.07743614917870516
POLI,INVERNO,207,2020-07-22,0.12469948017738837,0.19847701100919474,0.07850772794226529
POLI,INVERNO,208,2020-07-29,0.10274749915455782,0.20240386164318913,0.07634863331802691
POLI,INVERNO,209,2020-07-29,0.11198163152984553,0.19709733480769243,0.08186177873981607
POLI,INVERNO,210,2020-07-29,0.11142472509277904,0.18216761691157632,0.07598207464553362
POLI,INVERNO,211,2020-07-29,0.10511539758674959,0.19283998671196637,0.07606128828715654
POLI,INVERNO,212,2020-07-29,0.10937558530160704,0.1702004806498427,0.07562119266450779
POLI,INVERNO,213,2020-07-29,0.1052888013784047,0.19021648035140903,0.07529851876637936
